Date,r_label,c_label
2010-12-13,0.2466999888420105,2.0
2010-12-14,0.23800000548362732,0.0
2010-12-15,0.25,2.0
2010-12-16,0.24000000953674316,0.0
2010-12-17,0.2669999897480011,2.0
2010-12-20,0.24000000953674316,0.0
2010-12-21,0.25,2.0
2010-12-22,0.25,1.0
2010-12-23,0.24799999594688416,1.0
2010-12-24,0.26500001549720764,2.0
2010-12-27,0.2809999883174896,2.0
2010-12-28,0.30000001192092896,2.0
2010-12-29,0.30000001192092896,1.0
2010-12-30,0.30000001192092896,1.0
2010-12-31,0.29499998688697815,0.0
2011-01-03,0.2989000082015991,2.0
2011-01-04,0.29899999499320984,1.0
2011-01-05,0.2979999780654907,1.0
2011-01-06,0.3199999928474426,2.0
2011-01-07,0.32659998536109924,2.0
2011-01-10,0.32659998536109924,1.0
2011-01-11,0.3188000023365021,0.0
2011-01-12,0.31759998202323914,1.0
2011-01-13,0.4000000059604645,2.0
2011-01-14,0.34950000047683716,0.0
2011-01-17,0.31299999356269836,0.0
2011-01-18,0.31299999356269836,1.0
2011-01-19,0.38999998569488525,2.0
2011-01-20,0.4199000298976898,2.0
2011-01-21,0.4199000298976898,1.0
2011-01-24,0.4099999964237213,0.0
2011-01-25,0.4169999957084656,2.0
2011-01-26,0.4211999773979187,2.0
2011-01-27,0.44600000977516174,2.0
2011-01-28,0.5200000405311584,2.0
2011-01-31,0.699999988079071,2.0
2011-02-01,0.7160000205039978,2.0
2011-02-02,0.6899999976158142,0.0
2011-02-03,0.8110000491142273,2.0
2011-02-04,0.89000004529953,2.0
2011-02-07,0.9180000424385071,2.0
2011-02-08,1.090000033378601,2.0
2011-02-09,0.9802999496459961,0.0
2011-02-10,1.0700000524520874,2.0
2011-02-11,1.0700000524520874,1.0
2011-02-14,1.0499999523162842,0.0
2011-02-15,1.0449999570846558,1.0
2011-02-16,1.040000081062317,1.0
2011-02-17,0.898900032043457,0.0
2011-02-18,0.8345000147819519,0.0
2011-02-21,0.8702000379562378,2.0
2011-02-22,0.8999999761581421,2.0
2011-02-23,0.9974000453948975,2.0
2011-02-24,0.9111000299453735,0.0
2011-02-25,0.8600000143051147,0.0
2011-02-28,0.9202000498771667,2.0
2011-03-01,0.9398999214172363,2.0
2011-03-02,0.9390999674797058,1.0
2011-03-03,0.9009999632835388,0.0
2011-03-04,0.8849999904632568,0.0
2011-03-07,0.8700000047683716,0.0
2011-03-08,0.8644999861717224,1.0
2011-03-09,0.9329000115394592,2.0
2011-03-10,0.8799999952316284,0.0
2011-03-11,0.8948999643325806,2.0
2011-03-14,0.8700000047683716,0.0
2011-03-15,0.8600000143051147,1.0
2011-03-16,0.8253999948501587,0.0
2011-03-17,0.8164999485015869,1.0
2011-03-18,0.7590000033378601,0.0
2011-03-21,0.8089999556541443,2.0
2011-03-22,0.8496999740600586,2.0
2011-03-23,0.8668999671936035,2.0
2011-03-24,0.8837999701499939,2.0
2011-03-25,0.7989999651908875,0.0
2011-03-28,0.7925000190734863,1.0
2011-03-29,0.7896999716758728,1.0
2011-03-30,0.7845999598503113,1.0
2011-03-31,0.7741000056266785,1.0
2011-04-01,0.6800000071525574,0.0
2011-04-04,0.7099999785423279,2.0
2011-04-05,0.7400000095367432,2.0
2011-04-06,0.7537999749183655,2.0
2011-04-07,0.75,1.0
2011-04-08,0.7699999809265137,2.0
2011-04-11,0.8600000143051147,2.0
2011-04-12,0.9225000143051147,2.0
2011-04-13,1.0,2.0
2011-04-14,0.9899000525474548,1.0
2011-04-15,1.1619999408721924,2.0
2011-04-18,1.1979999542236328,2.0
2011-04-19,1.1420000791549683,0.0
2011-04-20,1.2100000381469727,2.0
2011-04-21,1.4089999198913574,2.0
2011-04-22,1.559000015258789,2.0
2011-04-25,1.7950000762939453,2.0
2011-04-26,1.899999976158142,2.0
2011-04-27,2.2109999656677246,2.0
2011-04-28,2.880000114440918,2.0
2011-04-29,3.200000047683716,2.0
2011-05-02,3.4100000858306885,2.0
2011-05-03,3.4060001373291016,1.0
2011-05-04,3.3330001831054688,0.0
2011-05-05,3.450000047683716,2.0
2011-05-06,3.799999952316284,2.0
2011-05-09,5.809999942779541,2.0
2011-05-10,5.5,0.0
2011-05-11,6.299999713897705,2.0
2011-05-12,8.197999954223633,2.0
2011-05-13,8.0339994430542,0.0
2011-05-16,7.190000057220459,0.0
2011-05-17,6.880000114440918,0.0
2011-05-18,6.805000305175781,1.0
2011-05-19,5.589999675750732,0.0
2011-05-20,7.150000095367432,2.0
2011-05-23,7.420000076293945,2.0
2011-05-24,8.399999618530273,2.0
2011-05-25,8.797999382019043,2.0
2011-05-26,8.5,0.0
2011-05-27,8.800000190734863,2.0
2011-05-30,8.741000175476074,1.0
2011-05-31,9.569999694824219,2.0
2011-06-01,10.59999942779541,2.0
2011-06-02,14.289999961853027,2.0
2011-06-03,18.549999237060547,2.0
2011-06-06,23.920000076293945,2.0
2011-06-07,29.600000381469727,2.0
2011-06-08,28.919998168945312,0.0
2011-06-09,23.950000762939453,0.0
2011-06-10,19.84000015258789,0.0
2011-06-13,19.280000686645508,0.0
2011-06-14,19.489999771118164,2.0
2011-06-15,17.0,0.0
2011-06-16,15.680000305175781,0.0
2011-06-17,17.510000228881836,2.0
2011-06-20,17.510000228881836,1.0
2011-06-21,17.510000228881836,1.0
2011-06-22,17.510000228881836,1.0
2011-06-23,17.510000228881836,1.0
2011-06-24,16.75,0.0
2011-06-27,16.950000762939453,2.0
2011-06-28,16.850000381469727,1.0
2011-06-29,16.100000381469727,0.0
2011-06-30,15.399999618530273,0.0
2011-07-01,13.859999656677246,0.0
2011-07-04,12.90999984741211,0.0
2011-07-05,14.779999732971191,2.0
2011-07-06,14.779999732971191,1.0
2011-07-07,14.3100004196167,0.0
2011-07-08,14.210000038146973,1.0
2011-07-11,14.00999927520752,0.0
2011-07-12,13.94999885559082,1.0
2011-07-13,13.99000072479248,2.0
2011-07-14,13.809999465942383,1.0
2011-07-15,13.479999542236328,0.0
2011-07-18,13.84999942779541,2.0
2011-07-19,13.6899995803833,1.0
2011-07-20,13.610000610351562,1.0
2011-07-21,13.700000762939453,2.0
2011-07-22,14.050000190734863,2.0
2011-07-25,13.880000114440918,1.0
2011-07-26,13.940000534057617,2.0
2011-07-27,13.489999771118164,0.0
2011-07-28,13.5,1.0
2011-07-29,13.09000015258789,0.0
2011-08-01,12.049999237060547,0.0
2011-08-02,9.260000228881836,0.0
2011-08-03,10.75,2.0
2011-08-04,9.799999237060547,0.0
2011-08-05,7.799999713897705,0.0
2011-08-08,9.989999771118164,2.0
2011-08-09,9.980000495910645,1.0
2011-08-10,9.461999893188477,0.0
2011-08-11,9.460999488830566,1.0
2011-08-12,11.15000057220459,2.0
2011-08-15,10.960000038146973,0.0
2011-08-16,10.949999809265137,1.0
2011-08-17,10.829999923706055,1.0
2011-08-18,11.649999618530273,2.0
2011-08-19,10.899999618530273,0.0
2011-08-22,10.9399995803833,2.0
2011-08-23,10.84999942779541,1.0
2011-08-24,9.656999588012695,0.0
2011-08-25,8.178999900817871,0.0
2011-08-26,8.968999862670898,2.0
2011-08-29,8.791000366210938,0.0
2011-08-30,8.199999809265137,0.0
2011-08-31,8.210000038146973,1.0
2011-09-01,8.640000343322754,2.0
2011-09-02,7.610999584197998,0.0
2011-09-05,6.86299991607666,0.0
2011-09-06,7.186000347137451,2.0
2011-09-07,6.53000020980835,0.0
2011-09-08,5.03000020980835,0.0
2011-09-09,6.078000068664551,2.0
2011-09-12,5.799999713897705,0.0
2011-09-13,5.61899995803833,0.0
2011-09-14,4.840000152587891,0.0
2011-09-15,4.820000171661377,1.0
2011-09-16,5.460000038146973,2.0
2011-09-19,6.111999988555908,2.0
2011-09-20,5.611000061035156,0.0
2011-09-21,5.427999973297119,0.0
2011-09-22,5.545000076293945,2.0
2011-09-23,4.869999885559082,0.0
2011-09-26,4.9160003662109375,2.0
2011-09-27,4.771999835968018,0.0
2011-09-28,4.7789998054504395,2.0
2011-09-29,5.139999866485596,2.0
2011-09-30,5.02400016784668,0.0
2011-10-03,4.960000038146973,1.0
2011-10-04,4.869999885559082,0.0
2011-10-05,4.734000205993652,0.0
2011-10-06,4.273000240325928,0.0
2011-10-07,4.099999904632568,0.0
2011-10-10,3.931000232696533,0.0
2011-10-11,4.150000095367432,2.0
2011-10-12,4.046000003814697,0.0
2011-10-13,3.987999677658081,0.0
2011-10-14,2.559999942779541,0.0
2011-10-17,2.4189999103546143,0.0
2011-10-18,2.2699999809265137,0.0
2011-10-19,2.3480000495910645,2.0
2011-10-20,2.569999933242798,2.0
2011-10-21,2.544999837875366,1.0
2011-10-24,2.7699999809265137,2.0
2011-10-25,2.7730000019073486,1.0
2011-10-26,3.0399999618530273,2.0
2011-10-27,3.18999981880188,2.0
2011-10-28,3.247999906539917,2.0
2011-10-31,3.1499998569488525,0.0
2011-11-01,3.254000186920166,2.0
2011-11-02,3.1519999504089355,0.0
2011-11-03,3.1089999675750732,0.0
2011-11-04,3.006999969482422,0.0
2011-11-07,3.0350000858306885,2.0
2011-11-08,2.950000047683716,0.0
2011-11-09,2.8399999141693115,0.0
2011-11-10,3.0799999237060547,2.0
2011-11-11,2.2200000286102295,0.0
2011-11-14,2.3289999961853027,2.0
2011-11-15,2.559999942779541,2.0
2011-11-16,2.25,0.0
2011-11-17,2.049999952316284,0.0
2011-11-18,2.2939999103546143,2.0
2011-11-21,2.3289999961853027,2.0
2011-11-22,2.3320000171661377,1.0
2011-11-23,2.431999921798706,2.0
2011-11-24,2.50600004196167,2.0
2011-11-25,2.549999952316284,2.0
2011-11-28,2.75,2.0
2011-11-29,2.9699997901916504,2.0
2011-11-30,3.059999942779541,2.0
2011-12-01,3.115000009536743,2.0
2011-12-02,2.880000114440918,0.0
2011-12-05,3.0299999713897705,2.0
2011-12-06,2.990000009536743,1.0
2011-12-07,2.9799997806549072,1.0
2011-12-08,2.9699997901916504,1.0
2011-12-09,3.134999990463257,2.0
2011-12-12,3.249999761581421,2.0
2011-12-13,3.1499998569488525,0.0
2011-12-14,3.200000047683716,2.0
2011-12-15,3.200000047683716,1.0
2011-12-16,3.5199999809265137,2.0
2011-12-19,3.950000047683716,2.0
2011-12-20,3.890000104904175,0.0
2011-12-21,3.890000104904175,1.0
2011-12-22,3.9469997882843018,2.0
2011-12-23,4.01800012588501,2.0
2011-12-26,4.070000171661377,2.0
2011-12-27,4.185999870300293,2.0
2011-12-28,4.165999889373779,1.0
2011-12-29,4.248000144958496,2.0
2011-12-30,5.2170000076293945,2.0
2012-01-02,4.88100004196167,0.0
2012-01-03,5.573999881744385,2.0
2012-01-04,6.947999954223633,2.0
2012-01-05,6.697000026702881,0.0
2012-01-06,6.325999736785889,0.0
2012-01-09,6.360000133514404,2.0
2012-01-10,6.900000095367432,2.0
2012-01-11,6.799999713897705,0.0
2012-01-12,6.409999847412109,0.0
2012-01-13,6.683000087738037,2.0
2012-01-16,5.599999904632568,0.0
2012-01-17,5.920000076293945,2.0
2012-01-18,6.360000133514404,2.0
2012-01-19,6.489999771118164,2.0
2012-01-20,6.355999946594238,0.0
2012-01-23,6.289999961853027,1.0
2012-01-24,5.75,0.0
2012-01-25,5.340000152587891,0.0
2012-01-26,5.2920002937316895,1.0
2012-01-27,5.489999771118164,2.0
2012-01-30,5.483999729156494,1.0
2012-01-31,6.076000213623047,2.0
2012-02-01,6.099999904632568,2.0
2012-02-02,5.959000110626221,0.0
2012-02-03,5.453000068664551,0.0
2012-02-06,5.690000057220459,2.0
2012-02-07,5.599999904632568,0.0
2012-02-08,5.830000400543213,2.0
2012-02-09,5.912999629974365,2.0
2012-02-10,5.260000228881836,0.0
2012-02-13,4.4629998207092285,0.0
2012-02-14,4.325000286102295,0.0
2012-02-15,4.27400016784668,1.0
2012-02-16,4.410000324249268,2.0
2012-02-17,4.361000061035156,1.0
2012-02-20,4.271999835968018,0.0
2012-02-21,4.425000190734863,2.0
2012-02-22,5.014999866485596,2.0
2012-02-23,5.029000282287598,2.0
2012-02-24,4.955999851226807,0.0
2012-02-27,4.868000030517578,0.0
2012-02-28,4.860000133514404,1.0
2012-02-29,4.921000003814697,2.0
2012-03-01,4.704999923706055,0.0
2012-03-02,4.984000205993652,2.0
2012-03-05,4.990000247955322,1.0
2012-03-06,4.938000202178955,1.0
2012-03-07,4.929999828338623,1.0
2012-03-08,4.861000061035156,0.0
2012-03-09,4.889999866485596,2.0
2012-03-12,5.269999980926514,2.0
2012-03-13,5.37999963760376,2.0
2012-03-14,5.327000141143799,1.0
2012-03-15,5.344000339508057,2.0
2012-03-16,4.693999767303467,0.0
2012-03-19,4.8379998207092285,2.0
2012-03-20,4.815000057220459,1.0
2012-03-21,4.703999996185303,0.0
2012-03-22,4.686000347137451,1.0
2012-03-23,4.61899995803833,0.0
2012-03-26,4.810999870300293,2.0
2012-03-27,4.788000106811523,1.0
2012-03-28,4.808000087738037,2.0
2012-03-29,4.860000133514404,2.0
2012-03-30,4.973999977111816,2.0
2012-04-02,4.952000141143799,1.0
2012-04-03,4.909999847412109,1.0
2012-04-04,4.919000148773193,2.0
2012-04-05,4.950000286102295,2.0
2012-04-06,4.872000217437744,0.0
2012-04-09,4.837000370025635,1.0
2012-04-10,4.927999973297119,2.0
2012-04-11,4.920000076293945,1.0
2012-04-12,4.940000057220459,2.0
2012-04-13,4.931999683380127,1.0
2012-04-16,4.97599983215332,2.0
2012-04-17,5.118000030517578,2.0
2012-04-18,5.138000011444092,2.0
2012-04-19,5.349999904632568,2.0
2012-04-20,4.960000038146973,0.0
2012-04-23,5.0980000495910645,2.0
2012-04-24,5.131999969482422,2.0
2012-04-25,5.0980000495910645,1.0
2012-04-26,5.108999729156494,2.0
2012-04-27,4.948999881744385,0.0
2012-04-30,5.0,2.0
2012-05-01,5.073999881744385,2.0
2012-05-02,5.133999824523926,2.0
2012-05-03,5.066999912261963,1.0
2012-05-04,5.059999942779541,1.0
2012-05-07,5.050000190734863,1.0
2012-05-08,5.043999671936035,1.0
2012-05-09,4.849999904632568,0.0
2012-05-10,4.960000038146973,2.0
2012-05-11,5.00600004196167,2.0
2012-05-14,5.035000324249268,2.0
2012-05-15,5.089000225067139,2.0
2012-05-16,5.099999904632568,2.0
2012-05-17,5.118000030517578,2.0
2012-05-18,5.099999904632568,1.0
2012-05-21,5.098999977111816,1.0
2012-05-22,5.139999866485596,2.0
2012-05-23,5.11899995803833,1.0
2012-05-24,5.144999980926514,2.0
2012-05-25,5.13599967956543,1.0
2012-05-28,5.150000095367432,2.0
2012-05-29,5.135000228881836,1.0
2012-05-30,5.179999828338623,2.0
2012-05-31,5.274999618530273,2.0
2012-06-01,5.265999794006348,1.0
2012-06-04,5.440000057220459,2.0
2012-06-05,5.460000038146973,2.0
2012-06-06,5.591000080108643,2.0
2012-06-07,5.632999897003174,2.0
2012-06-08,5.575000286102295,1.0
2012-06-11,5.699999809265137,2.0
2012-06-12,5.928999900817871,2.0
2012-06-13,5.953999996185303,2.0
2012-06-14,6.499999523162842,2.0
2012-06-15,6.309999942779541,0.0
2012-06-18,6.499000072479248,2.0
2012-06-19,6.670000076293945,2.0
2012-06-20,6.680000305175781,2.0
2012-06-21,6.548000335693359,0.0
2012-06-22,6.305000305175781,0.0
2012-06-25,6.420000076293945,2.0
2012-06-26,6.647000312805176,2.0
2012-06-27,6.6060004234313965,1.0
2012-06-28,6.650000095367432,2.0
2012-06-29,6.759999752044678,2.0
2012-07-02,6.449999809265137,0.0
2012-07-03,6.510000228881836,2.0
2012-07-04,6.670000076293945,2.0
2012-07-05,6.648000240325928,1.0
2012-07-06,7.020999908447266,2.0
2012-07-09,7.199999809265137,2.0
2012-07-10,7.150000095367432,1.0
2012-07-11,7.763999938964844,2.0
2012-07-12,7.6650004386901855,1.0
2012-07-13,8.5,2.0
2012-07-16,8.800000190734863,2.0
2012-07-17,9.109999656677246,2.0
2012-07-18,8.869999885559082,0.0
2012-07-19,8.520000457763672,0.0
2012-07-20,8.446000099182129,1.0
2012-07-23,8.59999942779541,2.0
2012-07-24,8.800000190734863,2.0
2012-07-25,8.899999618530273,2.0
2012-07-26,8.899999618530273,1.0
2012-07-27,9.098000526428223,2.0
2012-07-30,9.350000381469727,2.0
2012-07-31,9.550000190734863,2.0
2012-08-01,10.529999732971191,2.0
2012-08-02,10.969999313354492,2.0
2012-08-03,10.859999656677246,1.0
2012-08-06,11.100000381469727,2.0
2012-08-07,11.0600004196167,1.0
2012-08-08,11.0600004196167,1.0
2012-08-09,11.389999389648438,2.0
2012-08-10,12.039999961853027,2.0
2012-08-13,12.190000534057617,2.0
2012-08-14,13.25,2.0
2012-08-15,13.5,2.0
2012-08-16,11.579999923706055,0.0
2012-08-17,10.100000381469727,0.0
2012-08-20,9.914999961853027,0.0
2012-08-21,9.807000160217285,1.0
2012-08-22,10.100000381469727,2.0
2012-08-23,10.59999942779541,2.0
2012-08-24,10.949999809265137,2.0
2012-08-27,10.9399995803833,1.0
2012-08-28,10.920000076293945,1.0
2012-08-29,10.779999732971191,1.0
2012-08-30,10.15999984741211,0.0
2012-08-31,10.529999732971191,2.0
2012-09-03,10.380000114440918,0.0
2012-09-04,11.0,2.0
2012-09-05,11.179999351501465,2.0
2012-09-06,11.0,0.0
2012-09-07,11.170000076293945,2.0
2012-09-10,11.329999923706055,2.0
2012-09-11,11.359999656677246,2.0
2012-09-12,11.399999618530273,2.0
2012-09-13,11.670000076293945,2.0
2012-09-14,11.889999389648438,2.0
2012-09-17,12.25,2.0
2012-09-18,12.569999694824219,2.0
2012-09-19,12.280000686645508,0.0
2012-09-20,12.369999885559082,2.0
2012-09-21,12.100000381469727,0.0
2012-09-24,12.199999809265137,2.0
2012-09-25,12.270000457763672,2.0
2012-09-26,12.3100004196167,2.0
2012-09-27,12.390000343322754,2.0
2012-09-28,12.40000057220459,1.0
2012-10-01,12.84000015258789,2.0
2012-10-02,12.889999389648438,2.0
2012-10-03,12.850000381469727,1.0
2012-10-04,12.690000534057617,1.0
2012-10-05,11.779999732971191,0.0
2012-10-08,11.899999618530273,2.0
2012-10-09,12.119999885559082,2.0
2012-10-10,12.030000686645508,1.0
2012-10-11,12.0,1.0
2012-10-12,11.84000015258789,1.0
2012-10-15,11.84999942779541,1.0
2012-10-16,11.809999465942383,1.0
2012-10-17,11.9399995803833,2.0
2012-10-18,11.739999771118164,0.0
2012-10-19,11.710000038146973,1.0
2012-10-22,11.649999618530273,1.0
2012-10-23,11.649999618530273,1.0
2012-10-24,10.859999656677246,0.0
2012-10-25,10.170000076293945,0.0
2012-10-26,10.59999942779541,2.0
2012-10-29,10.890000343322754,2.0
2012-10-30,11.199999809265137,2.0
2012-10-31,10.569999694824219,0.0
2012-11-01,10.470000267028809,1.0
2012-11-02,10.75,2.0
2012-11-05,10.899999618530273,2.0
2012-11-06,10.920000076293945,2.0
2012-11-07,10.929999351501465,1.0
2012-11-08,10.819999694824219,1.0
2012-11-09,11.010000228881836,2.0
2012-11-12,10.949999809265137,1.0
2012-11-13,10.949999809265137,1.0
2012-11-14,11.199999809265137,2.0
2012-11-15,11.75,2.0
2012-11-16,11.800000190734863,2.0
2012-11-19,11.729999542236328,1.0
2012-11-20,11.770000457763672,2.0
2012-11-21,12.420000076293945,2.0
2012-11-22,12.350000381469727,1.0
2012-11-23,12.25,1.0
2012-11-26,12.199999809265137,1.0
2012-11-27,12.350000381469727,2.0
2012-11-28,12.450000762939453,2.0
2012-11-29,12.569999694824219,2.0
2012-11-30,12.680000305175781,2.0
2012-12-03,13.40999984741211,2.0
2012-12-04,13.380000114440918,1.0
2012-12-05,13.300000190734863,1.0
2012-12-06,13.5,2.0
2012-12-07,13.430000305175781,1.0
2012-12-10,13.559999465942383,2.0
2012-12-11,13.700000762939453,2.0
2012-12-12,13.700000762939453,1.0
2012-12-13,13.59999942779541,1.0
2012-12-14,13.25,0.0
2012-12-17,13.300000190734863,2.0
2012-12-18,13.59999942779541,2.0
2012-12-19,13.519999504089355,1.0
2012-12-20,13.5,1.0
2012-12-21,13.380000114440918,1.0
2012-12-24,13.350000381469727,1.0
2012-12-25,13.469999313354492,2.0
2012-12-26,13.420000076293945,1.0
2012-12-27,13.420000076293945,1.0
2012-12-28,13.510000228881836,2.0
2012-12-31,13.300000190734863,0.0
2013-01-01,13.279999732971191,1.0
2013-01-02,13.40000057220459,2.0
2013-01-03,13.5,2.0
2013-01-04,13.589999198913574,2.0
2013-01-07,13.739999771118164,2.0
2013-01-08,13.769999504089355,2.0
2013-01-09,14.140000343322754,2.0
2013-01-10,14.140000343322754,1.0
2013-01-11,14.300000190734863,2.0
2013-01-14,14.25,1.0
2013-01-15,14.730000495910645,2.0
2013-01-16,15.5,2.0
2013-01-17,15.699999809265137,2.0
2013-01-18,16.799999237060547,2.0
2013-01-21,17.260000228881836,2.0
2013-01-22,17.5,2.0
2013-01-23,16.899999618530273,0.0
2013-01-24,17.399999618530273,2.0
2013-01-25,18.719999313354492,2.0
2013-01-28,19.530000686645508,2.0
2013-01-29,19.700000762939453,2.0
2013-01-30,20.40999984741211,2.0
2013-01-31,20.5,2.0
2013-02-01,20.43000030517578,1.0
2013-02-04,20.600000381469727,2.0
2013-02-05,21.18000030517578,2.0
2013-02-06,22.149999618530273,2.0
2013-02-07,22.65999984741211,2.0
2013-02-08,24.649999618530273,2.0
2013-02-11,25.170000076293945,2.0
2013-02-12,24.200000762939453,0.0
2013-02-13,27.220001220703125,2.0
2013-02-14,27.100000381469727,1.0
2013-02-15,26.950000762939453,1.0
2013-02-18,29.419998168945312,2.0
2013-02-19,29.650001525878906,2.0
2013-02-20,29.749998092651367,2.0
2013-02-21,30.250001907348633,2.0
2013-02-22,30.399999618530273,2.0
2013-02-25,31.100000381469727,2.0
2013-02-26,30.89999771118164,1.0
2013-02-27,33.380001068115234,2.0
2013-02-28,34.5,2.0
2013-03-01,36.150001525878906,2.0
2013-03-04,40.33000183105469,2.0
2013-03-05,41.02000045776367,2.0
2013-03-06,42.0,2.0
2013-03-07,44.18000030517578,2.0
2013-03-08,48.400001525878906,2.0
2013-03-11,44.290000915527344,0.0
2013-03-12,46.91999816894531,2.0
2013-03-13,47.16999816894531,2.0
2013-03-14,46.95000076293945,1.0
2013-03-15,51.599998474121094,2.0
2013-03-18,59.13999938964844,2.0
2013-03-19,64.48999786376953,2.0
2013-03-20,70.8499984741211,2.0
2013-03-21,69.87000274658203,0.0
2013-03-22,73.60000610351562,2.0
2013-03-25,78.5,2.0
2013-03-26,88.91999816894531,2.0
2013-03-27,86.18000030517578,0.0
2013-03-28,90.5,2.0
2013-03-29,103.99999237060547,2.0
2013-04-01,117.97999572753906,2.0
2013-04-02,135.0,2.0
2013-04-03,132.1199951171875,0.0
2013-04-04,142.3199920654297,2.0
2013-04-05,187.5,2.0
2013-04-08,230.00001525878906,2.0
2013-04-09,165.0,0.0
2013-04-10,124.9000015258789,0.0
2013-04-11,117.00000762939453,0.0
2013-04-12,82.38999938964844,0.0
2013-04-15,68.36000061035156,0.0
2013-04-16,93.06999969482422,2.0
2013-04-17,109.00999450683594,2.0
2013-04-18,118.4800033569336,2.0
2013-04-19,127.39999389648438,2.0
2013-04-22,143.47999572753906,2.0
2013-04-23,154.20001220703125,2.0
2013-04-24,141.70999145507812,0.0
2013-04-25,136.89999389648438,0.0
2013-04-26,144.0,2.0
2013-04-29,139.22999572753906,0.0
2013-04-30,116.3800048828125,0.0
2013-05-01,106.25000762939453,0.0
2013-05-02,98.10000610351562,0.0
2013-05-03,112.25,2.0
2013-05-06,109.60000610351562,0.0
2013-05-07,113.19999694824219,2.0
2013-05-08,112.79999542236328,1.0
2013-05-09,117.70000457763672,2.0
2013-05-10,117.97999572753906,2.0
2013-05-13,111.4000015258789,0.0
2013-05-14,114.22000122070312,2.0
2013-05-15,118.20999908447266,2.0
2013-05-16,123.5,2.0
2013-05-17,122.0199966430664,1.0
2013-05-20,122.89000701904297,2.0
2013-05-21,123.80000305175781,2.0
2013-05-22,126.29999542236328,2.0
2013-05-23,133.10000610351562,2.0
2013-05-24,129.77000427246094,0.0
2013-05-27,129.0,1.0
2013-05-28,132.25,2.0
2013-05-29,128.8000030517578,0.0
2013-05-30,128.82000732421875,1.0
2013-05-31,120.74000549316406,0.0
2013-06-03,121.39999389648438,2.0
2013-06-04,121.90000915527344,2.0
2013-06-05,118.97000122070312,0.0
2013-06-06,111.0,0.0
2013-06-07,106.3499984741211,0.0
2013-06-10,109.00000762939453,2.0
2013-06-11,108.77999877929688,1.0
2013-06-12,103.94999694824219,0.0
2013-06-13,100.0,0.0
2013-06-14,101.95000457763672,2.0
2013-06-17,107.3499984741211,2.0
2013-06-18,108.25,2.0
2013-06-19,111.29000091552734,2.0
2013-06-20,109.50000762939453,0.0
2013-06-21,102.09000396728516,0.0
2013-06-24,103.33000183105469,2.0
2013-06-25,103.99999237060547,2.0
2013-06-26,101.74000549316406,0.0
2013-06-27,94.66000366210938,0.0
2013-06-28,88.04999542236328,0.0
2013-07-01,90.41000366210938,2.0
2013-07-02,78.88999938964844,0.0
2013-07-03,80.04000091552734,2.0
2013-07-04,68.5,0.0
2013-07-05,76.0,2.0
2013-07-08,76.70000457763672,2.0
2013-07-09,88.0,2.0
2013-07-10,88.97999572753906,2.0
2013-07-11,93.98999786376953,2.0
2013-07-12,98.89000701904297,2.0
2013-07-15,97.0999984741211,0.0
2013-07-16,98.5,2.0
2013-07-17,90.06999969482422,0.0
2013-07-18,92.0,2.0
2013-07-19,91.60000610351562,1.0
2013-07-22,95.56000518798828,2.0
2013-07-23,95.08999633789062,1.0
2013-07-24,96.95000457763672,2.0
2013-07-25,96.0199966430664,1.0
2013-07-26,101.4800033569336,2.0
2013-07-29,107.95999145507812,2.0
2013-07-30,106.21000671386719,0.0
2013-07-31,103.99999237060547,0.0
2013-08-01,104.50000762939453,2.0
2013-08-02,106.72000122070312,2.0
2013-08-05,106.55999755859375,1.0
2013-08-06,105.98999786376953,1.0
2013-08-07,103.04999542236328,0.0
2013-08-08,102.80000305175781,1.0
2013-08-09,106.80999755859375,2.0
2013-08-12,109.60000610351562,2.0
2013-08-13,112.56000518798828,2.0
2013-08-14,109.98999786376953,0.0
2013-08-15,108.99000549316406,1.0
2013-08-16,118.50000762939453,2.0
2013-08-19,121.19999694824219,2.0
2013-08-20,123.30000305175781,2.0
2013-08-21,122.00000762939453,1.0
2013-08-22,118.50999450683594,0.0
2013-08-23,120.06999969482422,2.0
2013-08-26,131.29000854492188,2.0
2013-08-27,128.75999450683594,0.0
2013-08-28,129.3000030517578,2.0
2013-08-29,138.02999877929688,2.0
2013-08-30,144.0,2.0
2013-09-02,144.0,1.0
2013-09-03,132.50999450683594,0.0
2013-09-04,130.1999969482422,0.0
2013-09-05,121.90000915527344,0.0
2013-09-06,133.10000610351562,2.0
2013-09-09,132.6199951171875,1.0
2013-09-10,142.09999084472656,2.0
2013-09-11,139.34999084472656,0.0
2013-09-12,140.66000366210938,2.0
2013-09-13,139.4199981689453,1.0
2013-09-16,139.15000915527344,1.0
2013-09-17,140.41000366210938,2.0
2013-09-18,135.0500030517578,0.0
2013-09-19,133.80999755859375,1.0
2013-09-20,133.40000915527344,1.0
2013-09-23,134.77999877929688,2.0
2013-09-24,135.0,2.0
2013-09-25,137.09999084472656,2.0
2013-09-26,138.92999267578125,2.0
2013-09-27,141.89999389648438,2.0
2013-09-30,140.3000030517578,1.0
2013-10-01,123.00000762939453,0.0
2013-10-02,130.99000549316406,2.0
2013-10-03,136.82000732421875,2.0
2013-10-04,135.8000030517578,1.0
2013-10-07,136.489990234375,2.0
2013-10-08,139.5,2.0
2013-10-09,140.41000366210938,2.0
2013-10-10,140.10000610351562,1.0
2013-10-11,151.3699951171875,2.0
2013-10-14,158.08999633789062,2.0
2013-10-15,152.82000732421875,0.0
2013-10-16,157.58999633789062,2.0
2013-10-17,168.27999877929688,2.0
2013-10-18,192.77999877929688,2.0
2013-10-21,202.99000549316406,2.0
2013-10-22,227.9700164794922,2.0
2013-10-23,206.97999572753906,0.0
2013-10-24,197.8800048828125,0.0
2013-10-25,206.90000915527344,2.0
2013-10-28,216.0,2.0
2013-10-29,207.99998474121094,0.0
2013-10-30,211.1699981689453,2.0
2013-10-31,213.4300079345703,2.0
2013-11-01,238.1599884033203,2.0
2013-11-04,251.3000030517578,2.0
2013-11-05,264.1000061035156,2.0
2013-11-06,309.6499938964844,2.0
2013-11-07,355.0,2.0
2013-11-08,362.97998046875,2.0
2013-11-11,380.0400085449219,2.0
2013-11-12,434.8500061035156,2.0
2013-11-13,433.4000244140625,1.0
2013-11-14,433.91998291015625,1.0
2013-11-15,785.4299926757812,2.0
2013-11-18,645.6900024414062,0.0
2013-11-19,637.9700317382812,1.0
2013-11-20,764.9100341796875,2.0
2013-11-21,802.0,2.0
2013-11-22,829.9899291992188,2.0
2013-11-25,969.9600830078125,2.0
2013-11-26,1079.8900146484375,2.0
2013-11-27,1101.3800048828125,2.0
2013-11-28,1206.929931640625,2.0
2013-11-29,1096.56005859375,0.0
2013-12-02,1154.860107421875,2.0
2013-12-03,1237.5499267578125,2.0
2013-12-04,1106.3499755859375,0.0
2013-12-05,845.02001953125,0.0
2013-12-06,918.9500122070312,2.0
2013-12-09,1033.7200927734375,2.0
2013-12-10,919.9299926757812,0.0
2013-12-11,899.97998046875,0.0
2013-12-12,936.77001953125,2.0
2013-12-13,759.9200439453125,0.0
2013-12-16,714.969970703125,0.0
2013-12-17,540.97998046875,0.0
2013-12-18,731.9500122070312,2.0
2013-12-19,649.9600219726562,0.0
2013-12-20,713.239990234375,2.0
2013-12-23,702.75,0.0
2013-12-24,707.25,2.0
2013-12-25,801.97998046875,2.0
2013-12-26,803.0499267578125,1.0
2013-12-27,804.8300170898438,2.0
2013-12-30,805.93994140625,1.0
2013-12-31,815.9400024414062,2.0
2014-01-01,856.9099731445312,2.0
2014-01-02,884.2600708007812,2.0
2014-01-03,1012.6500244140625,2.0
2014-01-06,879.8999633789062,0.0
2014-01-07,938.8400268554688,2.0
2014-01-08,936.9500732421875,1.0
2014-01-09,957.7599487304688,2.0
2014-01-10,922.9099731445312,0.0
2014-01-13,919.280029296875,1.0
2014-01-14,941.2199096679688,2.0
2014-01-15,913.489990234375,0.0
2014-01-16,894.1599731445312,0.0
2014-01-17,955.9500122070312,2.0
2014-01-20,962.2100219726562,2.0
2014-01-21,950.9500732421875,1.0
2014-01-22,944.1599731445312,1.0
2014-01-23,916.5499267578125,0.0
2014-01-24,943.5400390625,2.0
2014-01-27,932.6800537109375,1.0
2014-01-28,925.6700439453125,1.0
2014-01-29,941.3900146484375,2.0
2014-01-30,938.8499755859375,1.0
2014-01-31,931.7100830078125,1.0
2014-02-03,926.6400146484375,1.0
2014-02-04,904.52001953125,0.0
2014-02-05,828.8699951171875,0.0
2014-02-06,695.6499633789062,0.0
2014-02-07,582.6300048828125,0.0
2014-02-10,578.9600219726562,1.0
2014-02-11,531.1300048828125,0.0
2014-02-12,451.44000244140625,0.0
2014-02-13,427.67999267578125,0.0
2014-02-14,272.2799987792969,0.0
2014-02-17,293.95001220703125,2.0
2014-02-18,261.5299987792969,0.0
2014-02-19,111.92000579833984,0.0
2014-02-20,111.56000518798828,1.0
2014-02-21,174.0,2.0
2014-02-24,135.77999877929688,0.0
2014-02-25,593.1400146484375,2.0
2014-02-26,596.489990234375,2.0
2014-02-27,573.9400024414062,0.0
2014-02-28,662.1799926757812,2.0
2014-03-03,661.8499755859375,1.0
2014-03-04,658.2999877929688,1.0
2014-03-05,648.260009765625,0.0
2014-03-06,616.72998046875,0.0
2014-03-07,612.969970703125,1.0
2014-03-10,608.6900024414062,1.0
2014-03-11,619.4299926757812,2.0
2014-03-12,625.0399780273438,2.0
2014-03-13,614.0299682617188,0.0
2014-03-14,606.3800048828125,1.0
2014-03-17,598.9299926757812,1.0
2014-03-18,594.9599609375,1.0
2014-03-19,565.989990234375,0.0
2014-03-20,549.5999755859375,0.0
2014-03-21,567.5599975585938,2.0
2014-03-24,562.8900146484375,1.0
2014-03-25,562.4500122070312,1.0
2014-03-26,460.4499816894531,0.0
2014-03-27,482.6099853515625,2.0
2014-03-28,444.6600036621094,0.0
2014-03-31,463.45001220703125,2.0
2014-04-01,424.3699951171875,0.0
2014-04-02,436.3100280761719,2.0
2014-04-03,444.3599853515625,2.0
2014-04-04,462.3800048828125,2.0
2014-04-07,466.5599670410156,2.0
2014-04-08,457.3399963378906,0.0
2014-04-09,384.6299743652344,0.0
2014-04-10,435.1399841308594,2.0
2014-04-11,478.3799743652344,2.0
2014-04-14,526.4299926757812,2.0
2014-04-15,536.9500122070312,2.0
2014-04-16,502.0,0.0
2014-04-17,485.52001953125,0.0
2014-04-18,495.1600036621094,2.0
2014-04-21,487.9100036621094,0.0
2014-04-22,487.3000183105469,1.0
2014-04-23,500.2900085449219,2.0
2014-04-24,464.4900207519531,0.0
2014-04-25,441.91998291015625,0.0
2014-04-28,446.1199951171875,2.0
2014-04-29,445.6300048828125,1.0
2014-04-30,460.1299743652344,2.0
2014-05-01,453.66998291015625,0.0
2014-05-02,430.8699951171875,0.0
2014-05-05,432.19000244140625,2.0
2014-05-06,446.54998779296875,2.0
2014-05-07,441.1100158691406,1.0
2014-05-08,445.4499816894531,2.0
2014-05-09,438.21002197265625,0.0
2014-05-12,433.91998291015625,1.0
2014-05-13,442.6300048828125,2.0
2014-05-14,448.1000061035156,2.0
2014-05-15,453.6300354003906,2.0
2014-05-16,443.8999938964844,0.0
2014-05-19,484.57000732421875,2.0
2014-05-20,488.8399963378906,2.0
2014-05-21,515.3599853515625,2.0
2014-05-22,518.0899658203125,2.0
2014-05-23,582.010009765625,2.0
2014-05-26,570.1000366210938,0.0
2014-05-27,570.8399658203125,1.0
2014-05-28,564.4199829101562,1.0
2014-05-29,612.3500366210938,2.0
2014-05-30,655.489990234375,2.0
2014-06-02,669.4299926757812,2.0
2014-06-03,638.9299926757812,0.0
2014-06-04,660.1799926757812,2.0
2014-06-05,650.4100341796875,0.0
2014-06-06,644.3499755859375,1.0
2014-06-09,655.6199951171875,2.0
2014-06-10,642.9500122070312,0.0
2014-06-11,597.1300048828125,0.0
2014-06-12,610.3499755859375,2.0
2014-06-13,599.0800170898438,0.0
2014-06-16,605.0900268554688,2.0
2014-06-17,606.2100219726562,2.0
2014-06-18,600.1699829101562,1.0
2014-06-19,590.75,0.0
2014-06-20,591.1699829101562,1.0
2014-06-23,588.77001953125,1.0
2014-06-24,568.449951171875,0.0
2014-06-25,582.699951171875,2.0
2014-06-26,602.22998046875,2.0
2014-06-27,635.1400146484375,2.0
2014-06-30,643.1900024414062,2.0
2014-07-01,645.719970703125,2.0
2014-07-02,638.030029296875,1.0
2014-07-03,623.9600219726562,0.0
2014-07-04,613.6000366210938,0.0
2014-07-07,615.3200073242188,2.0
2014-07-08,623.0,2.0
2014-07-09,618.3899536132812,1.0
2014-07-10,632.9000244140625,2.0
2014-07-11,618.3200073242188,0.0
2014-07-14,619.5999755859375,2.0
2014-07-15,614.7999877929688,1.0
2014-07-16,626.5800170898438,2.0
2014-07-17,627.4700317382812,2.0
2014-07-18,625.1300048828125,1.0
2014-07-21,622.5299682617188,1.0
2014-07-22,621.6900024414062,1.0
2014-07-23,601.8699951171875,0.0
2014-07-24,600.5,1.0
2014-07-25,587.9299926757812,0.0
2014-07-28,585.77001953125,1.0
2014-07-29,564.6399536132812,0.0
2014-07-30,589.5199584960938,2.0
2014-07-31,598.7799682617188,2.0
2014-08-01,592.7699584960938,1.0
2014-08-04,588.760009765625,1.0
2014-08-05,589.77001953125,2.0
2014-08-06,592.7999877929688,2.0
2014-08-07,595.8500366210938,2.0
2014-08-08,575.8900146484375,0.0
2014-08-11,567.6599731445312,0.0
2014-08-12,542.1000366210938,0.0
2014-08-13,504.8000183105469,0.0
2014-08-14,496.45001220703125,0.0
2014-08-15,462.1799621582031,0.0
2014-08-18,485.1199951171875,2.0
2014-08-19,516.7799682617188,2.0
2014-08-20,517.9400024414062,2.0
2014-08-21,516.0999755859375,1.0
2014-08-22,502.92999267578125,0.0
2014-08-25,512.5599975585938,2.0
2014-08-26,515.22998046875,2.0
2014-08-27,510.75,1.0
2014-08-28,512.5599975585938,2.0
2014-08-29,477.19000244140625,0.0
2014-09-01,478.94000244140625,2.0
2014-09-02,480.0400085449219,2.0
2014-09-03,490.989990234375,2.0
2014-09-04,483.6499938964844,0.0
2014-09-05,475.6899719238281,0.0
2014-09-08,474.89996337890625,1.0
2014-09-09,479.70001220703125,2.0
2014-09-10,478.489990234375,1.0
2014-09-11,477.72998046875,1.0
2014-09-12,477.7099914550781,1.0
2014-09-15,466.75,0.0
2014-09-16,457.3340148925781,0.0
2014-09-17,424.44000244140625,0.0
2014-09-18,394.7959899902344,0.0
2014-09-19,402.1520080566406,2.0
2014-09-22,435.7909851074219,2.0
2014-09-23,423.2049865722656,0.0
2014-09-24,411.5740051269531,0.0
2014-09-25,404.4250183105469,0.0
2014-09-26,375.4670104980469,0.0
2014-09-29,386.9440002441406,2.0
2014-09-30,383.614990234375,1.0
2014-10-01,375.0719909667969,0.0
2014-10-02,359.5119934082031,0.0
2014-10-03,330.0790100097656,0.0
2014-10-06,336.18701171875,2.0
2014-10-07,352.94000244140625,2.0
2014-10-08,365.0260009765625,2.0
2014-10-09,361.56201171875,1.0
2014-10-10,390.4140319824219,2.0
2014-10-13,400.8699951171875,2.0
2014-10-14,394.77301025390625,0.0
2014-10-15,382.5559997558594,0.0
2014-10-16,383.75799560546875,2.0
2014-10-17,382.8450012207031,1.0
2014-10-20,386.47503662109375,2.0
2014-10-21,383.1579895019531,1.0
2014-10-22,358.4169921875,0.0
2014-10-23,358.3450012207031,1.0
2014-10-24,352.989013671875,0.0
2014-10-27,357.6180114746094,2.0
2014-10-28,335.5909729003906,0.0
2014-10-29,345.30499267578125,2.0
2014-10-30,338.3210144042969,0.0
2014-10-31,327.5539855957031,0.0
2014-11-03,330.49200439453125,2.0
2014-11-04,339.4859924316406,2.0
2014-11-05,349.2900085449219,2.0
2014-11-06,342.4150085449219,0.0
2014-11-07,366.92401123046875,2.0
2014-11-10,367.69500732421875,2.0
2014-11-11,423.56097412109375,2.0
2014-11-12,420.7349548339844,1.0
2014-11-13,397.8179931640625,0.0
2014-11-14,387.4079895019531,0.0
2014-11-17,375.197998046875,0.0
2014-11-18,380.55499267578125,2.0
2014-11-19,357.8399963378906,0.0
2014-11-20,350.8479919433594,0.0
2014-11-21,376.9010009765625,2.0
2014-11-24,375.3479919433594,1.0
2014-11-25,368.3699951171875,0.0
2014-11-26,369.6700134277344,2.0
2014-11-27,376.4469909667969,2.0
2014-11-28,379.2449951171875,2.0
2014-12-01,381.31500244140625,2.0
2014-12-02,375.010009765625,0.0
2014-12-03,369.60400390625,0.0
2014-12-04,376.85400390625,2.0
2014-12-05,361.90899658203125,0.0
2014-12-08,352.218994140625,0.0
2014-12-09,346.3650207519531,0.0
2014-12-10,350.5060119628906,2.0
2014-12-11,352.5419921875,2.0
2014-12-12,345.3450012207031,0.0
2014-12-15,327.06201171875,0.0
2014-12-16,319.7760009765625,0.0
2014-12-17,311.39599609375,0.0
2014-12-18,317.8429870605469,2.0
2014-12-19,331.885986328125,2.0
2014-12-22,334.5719909667969,2.0
2014-12-23,322.53399658203125,0.0
2014-12-24,319.00799560546875,1.0
2014-12-25,327.92401123046875,2.0
2014-12-26,312.6700134277344,0.0
2014-12-29,310.73699951171875,1.0
2014-12-30,320.1929931640625,2.0
2014-12-31,314.2489929199219,0.0
2015-01-01,315.0320129394531,2.0
2015-01-02,274.4739990234375,0.0
2015-01-05,286.1889953613281,2.0
2015-01-06,294.3370056152344,2.0
2015-01-07,283.3489990234375,0.0
2015-01-08,290.4079895019531,2.0
2015-01-09,267.7959899902344,0.0
2015-01-12,225.86099243164062,0.0
2015-01-13,178.10299682617188,0.0
2015-01-14,209.843994140625,2.0
2015-01-15,208.0970001220703,1.0
2015-01-16,214.86099243164062,2.0
2015-01-19,211.31500244140625,0.0
2015-01-20,226.89700317382812,2.0
2015-01-21,233.406005859375,2.0
2015-01-22,232.87899780273438,1.0
2015-01-23,273.4729919433594,2.0
2015-01-26,263.4750061035156,0.0
2015-01-27,233.91497802734375,0.0
2015-01-28,233.51300048828125,1.0
2015-01-29,226.42501831054688,0.0
2015-01-30,238.22900390625,2.0
2015-02-02,227.2680206298828,0.0
2015-02-03,226.85299682617188,1.0
2015-02-04,217.11099243164062,0.0
2015-02-05,222.26600646972656,2.0
2015-02-06,220.11000061035156,1.0
2015-02-09,219.83900451660156,1.0
2015-02-10,219.18499755859375,1.0
2015-02-11,221.76400756835938,2.0
2015-02-12,235.427001953125,2.0
2015-02-13,233.84300231933594,1.0
2015-02-16,243.61001586914062,2.0
2015-02-17,236.32601928710938,0.0
2015-02-18,240.2830047607422,2.0
2015-02-19,243.7790069580078,2.0
2015-02-20,238.8920135498047,0.0
2015-02-23,238.73500061035156,1.0
2015-02-24,237.46998596191406,1.0
2015-02-25,236.42601013183594,1.0
2015-02-26,253.8280029296875,2.0
2015-02-27,275.6700134277344,2.0
2015-03-02,281.7019958496094,2.0
2015-03-03,273.0920104980469,0.0
2015-03-04,276.1780090332031,2.0
2015-03-05,272.7229919433594,1.0
2015-03-06,289.60699462890625,2.0
2015-03-09,291.760009765625,2.0
2015-03-10,296.3789978027344,2.0
2015-03-11,294.35400390625,1.0
2015-03-12,285.3370056152344,0.0
2015-03-13,290.5929870605469,2.0
2015-03-16,285.5050048828125,0.0
2015-03-17,256.29901123046875,0.0
2015-03-18,260.9280090332031,2.0
2015-03-19,261.7489929199219,2.0
2015-03-20,266.739990234375,2.0
2015-03-23,245.59500122070312,0.0
2015-03-24,246.19700622558594,2.0
2015-03-25,248.531982421875,2.0
2015-03-26,247.0290069580078,1.0
2015-03-27,247.5260009765625,2.0
2015-03-30,244.2239990234375,1.0
2015-03-31,247.27200317382812,2.0
2015-04-01,253.0050048828125,2.0
2015-04-02,254.322021484375,2.0
2015-04-03,255.49200439453125,2.0
2015-04-06,253.17999267578125,1.0
2015-04-07,245.02200317382812,0.0
2015-04-08,243.67599487304688,1.0
2015-04-09,236.072021484375,0.0
2015-04-10,224.58700561523438,0.0
2015-04-13,219.1590118408203,0.0
2015-04-14,223.83297729492188,2.0
2015-04-15,228.57298278808594,2.0
2015-04-16,222.8820037841797,0.0
2015-04-17,224.62600708007812,2.0
2015-04-20,235.2689971923828,2.0
2015-04-21,234.17601013183594,1.0
2015-04-22,236.46200561523438,2.0
2015-04-23,231.26800537109375,0.0
2015-04-24,229.28599548339844,1.0
2015-04-27,225.85498046875,0.0
2015-04-28,225.8079833984375,1.0
2015-04-29,236.14501953125,2.0
2015-04-30,232.07901000976562,0.0
2015-05-01,239.0180206298828,2.0
2015-05-04,236.12100219726562,1.0
2015-05-05,229.781982421875,0.0
2015-05-06,237.33399963378906,2.0
2015-05-07,243.8629913330078,2.0
2015-05-08,242.1580047607422,1.0
2015-05-11,241.1120147705078,1.0
2015-05-12,236.3769989013672,0.0
2015-05-13,236.9290008544922,2.0
2015-05-14,237.60499572753906,2.0
2015-05-15,233.12802124023438,0.0
2015-05-18,231.94700622558594,1.0
2015-05-19,234.0179901123047,2.0
2015-05-20,235.343994140625,2.0
2015-05-21,240.34799194335938,2.0
2015-05-22,237.11000061035156,1.0
2015-05-25,237.11599731445312,1.0
2015-05-26,237.28302001953125,1.0
2015-05-27,237.4080047607422,1.0
2015-05-28,237.0959930419922,1.0
2015-05-29,222.92601013183594,0.0
2015-06-01,225.80300903320312,2.0
2015-06-02,225.87399291992188,1.0
2015-06-03,224.32398986816406,1.0
2015-06-04,224.9519805908203,2.0
2015-06-05,228.489013671875,2.0
2015-06-08,229.0480194091797,2.0
2015-06-09,228.80299377441406,1.0
2015-06-10,229.7050018310547,2.0
2015-06-11,229.9820098876953,1.0
2015-06-12,236.822998046875,2.0
2015-06-15,250.89500427246094,2.0
2015-06-16,249.28399658203125,1.0
2015-06-17,249.0070037841797,1.0
2015-06-18,244.6060028076172,0.0
2015-06-19,246.989990234375,2.0
2015-06-22,244.2960205078125,1.0
2015-06-23,240.51499938964844,0.0
2015-06-24,242.79901123046875,2.0
2015-06-25,243.59397888183594,2.0
2015-06-26,257.0639953613281,2.0
2015-06-29,263.0719909667969,2.0
2015-06-30,258.6210021972656,0.0
2015-07-01,255.41200256347656,1.0
2015-07-02,256.33599853515625,2.0
2015-07-03,269.0299987792969,2.0
2015-07-06,266.2070007324219,1.0
2015-07-07,270.7850036621094,2.0
2015-07-08,269.2279968261719,1.0
2015-07-09,284.8940124511719,2.0
2015-07-10,292.0539855957031,2.0
2015-07-13,287.4639892578125,0.0
2015-07-14,285.8290100097656,1.0
2015-07-15,278.0889892578125,0.0
2015-07-16,279.47198486328125,2.0
2015-07-17,278.9809875488281,1.0
2015-07-20,275.8330078125,1.0
2015-07-21,277.22198486328125,2.0
2015-07-22,276.04901123046875,1.0
2015-07-23,288.27801513671875,2.0
2015-07-24,293.6239929199219,2.0
2015-07-27,294.427001953125,2.0
2015-07-28,289.5899963378906,0.0
2015-07-29,287.72198486328125,1.0
2015-07-30,284.6499938964844,1.0
2015-07-31,281.22698974609375,1.0
2015-08-03,285.2179870605469,2.0
2015-08-04,281.8819885253906,1.0
2015-08-05,278.5769958496094,1.0
2015-08-06,279.5849914550781,2.0
2015-08-07,264.4700012207031,0.0
2015-08-10,270.385986328125,2.0
2015-08-11,266.3760070800781,0.0
2015-08-12,264.0799865722656,1.0
2015-08-13,265.67999267578125,2.0
2015-08-14,257.97601318359375,0.0
2015-08-17,211.07899475097656,0.0
2015-08-18,226.6840057373047,2.0
2015-08-19,235.35000610351562,2.0
2015-08-20,232.5690155029297,1.0
2015-08-21,210.4949951171875,0.0
2015-08-24,221.6090087890625,2.0
2015-08-25,225.83099365234375,2.0
2015-08-26,224.7689971923828,1.0
2015-08-27,231.39598083496094,2.0
2015-08-28,230.0559844970703,1.0
2015-08-31,228.12100219726562,1.0
2015-09-01,229.2840118408203,2.0
2015-09-02,227.18299865722656,1.0
2015-09-03,230.2980194091797,2.0
2015-09-04,239.84701538085938,2.0
2015-09-07,243.60699462890625,2.0
2015-09-08,238.16799926757812,0.0
2015-09-09,238.47698974609375,1.0
2015-09-10,240.10699462890625,2.0
2015-09-11,230.6439971923828,0.0
2015-09-14,230.3040008544922,1.0
2015-09-15,229.09100341796875,1.0
2015-09-16,229.80999755859375,2.0
2015-09-17,232.97500610351562,2.0
2015-09-18,227.0850067138672,0.0
2015-09-21,230.6179962158203,2.0
2015-09-22,230.2830047607422,1.0
2015-09-23,234.5290069580078,2.0
2015-09-24,235.1439971923828,2.0
2015-09-25,239.14199829101562,2.0
2015-09-28,236.68699645996094,1.0
2015-09-29,236.05999755859375,1.0
2015-09-30,237.54898071289062,2.0
2015-10-01,237.29299926757812,1.0
2015-10-02,240.38299560546875,2.0
2015-10-05,246.06300354003906,2.0
2015-10-06,242.968994140625,1.0
2015-10-07,242.3040008544922,1.0
2015-10-08,243.93099975585938,2.0
2015-10-09,245.30799865722656,2.0
2015-10-12,249.50799560546875,2.0
2015-10-13,251.98898315429688,2.0
2015-10-14,254.3199920654297,2.0
2015-10-15,262.8689880371094,2.0
2015-10-16,263.43701171875,2.0
2015-10-19,269.4630126953125,2.0
2015-10-20,266.2720031738281,1.0
2015-10-21,274.02301025390625,2.0
2015-10-22,276.4960021972656,2.0
2015-10-23,285.29998779296875,2.0
2015-10-26,293.7879943847656,2.0
2015-10-27,304.6180114746094,2.0
2015-10-28,313.8550109863281,2.0
2015-10-29,328.0150146484375,2.0
2015-10-30,361.1889953613281,2.0
2015-11-02,403.4169921875,2.0
2015-11-03,411.56298828125,2.0
2015-11-04,386.35400390625,0.0
2015-11-05,374.4700012207031,0.0
2015-11-06,380.2569885253906,2.0
2015-11-09,336.8190002441406,0.0
2015-11-10,311.0840148925781,0.0
2015-11-11,338.1520080566406,2.0
2015-11-12,336.75299072265625,1.0
2015-11-13,330.7510070800781,0.0
2015-11-16,335.093994140625,2.0
2015-11-17,334.5899963378906,1.0
2015-11-18,326.14898681640625,0.0
2015-11-19,322.02197265625,1.0
2015-11-20,323.0459899902344,2.0
2015-11-23,320.0459899902344,1.0
2015-11-24,328.20599365234375,2.0
2015-11-25,352.6839904785156,2.0
2015-11-26,358.0419921875,2.0
2015-11-27,377.3210144042969,2.0
2015-11-30,362.4880065917969,0.0
2015-12-01,359.18701171875,1.0
2015-12-02,361.0459899902344,2.0
2015-12-03,363.18304443359375,2.0
2015-12-04,395.5360107421875,2.0
2015-12-07,415.56298828125,2.0
2015-12-08,417.56298828125,2.0
2015-12-09,415.47900390625,1.0
2015-12-10,451.93798828125,2.0
2015-12-11,444.1820068359375,0.0
2015-12-14,465.3210144042969,2.0
2015-12-15,454.9339904785156,0.0
2015-12-16,456.0780029296875,2.0
2015-12-17,463.6159973144531,2.0
2015-12-18,438.6390075683594,0.0
2015-12-21,436.5719909667969,1.0
2015-12-22,442.4010009765625,2.0
2015-12-23,454.9849853515625,2.0
2015-12-24,455.6530456542969,2.0
2015-12-25,422.2789611816406,0.0
2015-12-28,432.98297119140625,2.0
2015-12-29,426.6199951171875,0.0
2015-12-30,430.5669860839844,2.0
2015-12-31,434.33404541015625,2.0
2016-01-01,433.09100341796875,1.0
2016-01-04,431.9599914550781,1.0
2016-01-05,429.1050109863281,1.0
2016-01-06,458.0480041503906,2.0
2016-01-07,453.23004150390625,1.0
2016-01-08,448.4280090332031,1.0
2016-01-11,435.6900329589844,0.0
2016-01-12,432.3710021972656,1.0
2016-01-13,430.3059997558594,1.0
2016-01-14,364.33099365234375,0.0
2016-01-15,387.1679992675781,2.0
2016-01-18,380.14898681640625,0.0
2016-01-19,420.23004150390625,2.0
2016-01-20,410.2619934082031,0.0
2016-01-21,382.49200439453125,0.0
2016-01-22,391.72601318359375,2.0
2016-01-25,392.15301513671875,1.0
2016-01-26,394.97198486328125,2.0
2016-01-27,380.28900146484375,0.0
2016-01-28,379.4739990234375,1.0
2016-01-29,373.0559997558594,0.0
2016-02-01,374.447998046875,2.0
2016-02-02,369.9490051269531,1.0
2016-02-03,389.593994140625,2.0
2016-02-04,386.54901123046875,1.0
2016-02-05,373.4469909667969,0.0
2016-02-08,376.02899169921875,2.0
2016-02-09,381.64898681640625,2.0
2016-02-10,379.65399169921875,1.0
2016-02-11,384.2630310058594,2.0
2016-02-12,400.1849670410156,2.0
2016-02-15,407.4880065917969,2.0
2016-02-16,416.32196044921875,2.0
2016-02-17,422.37298583984375,2.0
2016-02-18,420.7850036621094,1.0
2016-02-19,437.74798583984375,2.0
2016-02-22,420.7359924316406,0.0
2016-02-23,424.9549865722656,2.0
2016-02-24,424.54400634765625,1.0
2016-02-25,432.1520080566406,2.0
2016-02-26,437.6969909667969,2.0
2016-02-29,435.12298583984375,1.0
2016-03-01,423.989013671875,0.0
2016-03-02,421.6509704589844,1.0
2016-03-03,410.93902587890625,0.0
2016-03-04,414.3210144042969,2.0
2016-03-07,413.97198486328125,1.0
2016-03-08,414.8599853515625,2.0
2016-03-09,417.1310119628906,2.0
2016-03-10,421.6899719238281,2.0
2016-03-11,416.43798828125,1.0
2016-03-14,416.8299865722656,1.0
2016-03-15,417.0109558105469,1.0
2016-03-16,420.6210021972656,2.0
2016-03-17,409.5480041503906,0.0
2016-03-18,413.3070068359375,2.0
2016-03-21,418.0889892578125,2.0
2016-03-22,418.0409851074219,1.0
2016-03-23,416.3940124511719,1.0
2016-03-24,417.177001953125,2.0
2016-03-25,424.23101806640625,2.0
2016-03-28,416.5160217285156,0.0
2016-03-29,414.8160095214844,1.0
2016-03-30,416.7289733886719,2.0
2016-03-31,417.9599914550781,2.0
2016-04-01,421.4440002441406,2.0
2016-04-04,424.0299987792969,2.0
2016-04-05,423.4129943847656,1.0
2016-04-06,422.7449951171875,1.0
2016-04-07,420.3489990234375,1.0
2016-04-08,422.4830017089844,2.0
2016-04-11,425.1900329589844,2.0
2016-04-12,423.7339782714844,1.0
2016-04-13,424.2820129394531,1.0
2016-04-14,429.7130126953125,2.0
2016-04-15,428.59100341796875,1.0
2016-04-18,435.509033203125,2.0
2016-04-19,441.3890380859375,2.0
2016-04-20,449.42498779296875,2.0
2016-04-21,445.7370300292969,1.0
2016-04-22,461.42596435546875,2.0
2016-04-25,466.0889892578125,2.0
2016-04-26,444.68701171875,0.0
2016-04-27,449.0109558105469,2.0
2016-04-28,455.09698486328125,2.0
2016-04-29,444.66900634765625,0.0
2016-05-02,450.303955078125,2.0
2016-05-03,446.72198486328125,1.0
2016-05-04,447.97601318359375,2.0
2016-05-05,459.60296630859375,2.0
2016-05-06,460.4830017089844,2.0
2016-05-09,450.8949890136719,0.0
2016-05-10,452.72802734375,2.0
2016-05-11,454.7659912109375,2.0
2016-05-12,455.6700134277344,2.0
2016-05-13,454.1629943847656,1.0
2016-05-16,453.78302001953125,1.0
2016-05-17,454.6189880371094,2.0
2016-05-18,438.7149963378906,0.0
2016-05-19,442.6759948730469,2.0
2016-05-20,444.1549987792969,2.0
2016-05-23,445.9809875488281,2.0
2016-05-24,449.5990295410156,2.0
2016-05-25,453.3840026855469,2.0
2016-05-26,473.4640197753906,2.0
2016-05-27,533.864013671875,2.0
2016-05-30,531.385986328125,1.0
2016-05-31,536.9199829101562,2.0
2016-06-01,537.9719848632812,2.0
2016-06-02,569.1939697265625,2.0
2016-06-03,585.5369873046875,2.0
2016-06-06,576.5969848632812,0.0
2016-06-07,581.64501953125,2.0
2016-06-08,574.6300048828125,1.0
2016-06-09,577.469970703125,2.0
2016-06-10,704.3760375976562,2.0
2016-06-13,685.5590209960938,0.0
2016-06-14,694.468994140625,2.0
2016-06-15,766.3080444335938,2.0
2016-06-16,748.9089965820312,0.0
2016-06-17,737.22607421875,0.0
2016-06-20,666.6519775390625,0.0
2016-06-21,596.1160278320312,0.0
2016-06-22,623.9769897460938,2.0
2016-06-23,665.2989501953125,2.0
2016-06-24,655.2750244140625,0.0
2016-06-27,647.0009765625,1.0
2016-06-28,639.8900146484375,1.0
2016-06-29,673.3369750976562,2.0
2016-06-30,676.2960205078125,2.0
2016-07-01,683.6619873046875,2.0
2016-07-04,670.6270141601562,0.0
2016-07-05,677.3309936523438,2.0
2016-07-06,640.56201171875,0.0
2016-07-07,666.5230102539062,2.0
2016-07-08,647.6589965820312,0.0
2016-07-11,664.5510864257812,2.0
2016-07-12,654.468017578125,0.0
2016-07-13,658.0780029296875,2.0
2016-07-14,663.2550048828125,2.0
2016-07-15,673.1060180664062,2.0
2016-07-18,672.864013671875,1.0
2016-07-19,665.6849975585938,1.0
2016-07-20,665.0120239257812,1.0
2016-07-21,650.6190185546875,0.0
2016-07-22,654.0969848632812,2.0
2016-07-25,651.7839965820312,1.0
2016-07-26,654.3519897460938,2.0
2016-07-27,655.0350341796875,1.0
2016-07-28,656.9920043945312,2.0
2016-07-29,606.27197265625,0.0
2016-08-01,547.4650268554688,0.0
2016-08-02,566.35498046875,2.0
2016-08-03,578.2890014648438,2.0
2016-08-04,575.0430297851562,1.0
2016-08-05,591.0540161132812,2.0
2016-08-08,587.801025390625,1.0
2016-08-09,592.10302734375,2.0
2016-08-10,589.1199340820312,1.0
2016-08-11,587.5590209960938,1.0
2016-08-12,567.239990234375,0.0
2016-08-15,577.4390258789062,2.0
2016-08-16,573.2160034179688,1.0
2016-08-17,574.3179931640625,2.0
2016-08-18,575.6300048828125,2.0
2016-08-19,586.7529907226562,2.0
2016-08-22,583.4149780273438,1.0
2016-08-23,580.1820068359375,1.0
2016-08-24,577.760986328125,1.0
2016-08-25,579.6510009765625,2.0
2016-08-26,574.1069946289062,1.0
2016-08-29,577.5029907226562,2.0
2016-08-30,575.471923828125,1.0
2016-08-31,572.302978515625,1.0
2016-09-01,575.5369873046875,2.0
2016-09-02,606.5900268554688,2.0
2016-09-05,610.43603515625,2.0
2016-09-06,614.5440063476562,2.0
2016-09-07,626.3159790039062,2.0
2016-09-08,622.8610229492188,1.0
2016-09-09,608.2429809570312,0.0
2016-09-12,609.2410278320312,2.0
2016-09-13,610.6840209960938,2.0
2016-09-14,607.155029296875,1.0
2016-09-15,606.9730224609375,1.0
2016-09-16,609.2269897460938,2.0
2016-09-19,608.31201171875,1.0
2016-09-20,597.1489868164062,0.0
2016-09-21,596.2979736328125,1.0
2016-09-22,602.8419799804688,2.0
2016-09-23,608.0430297851562,2.0
2016-09-26,606.166015625,1.0
2016-09-27,604.72802734375,1.0
2016-09-28,605.6929931640625,2.0
2016-09-29,609.7349853515625,2.0
2016-09-30,612.1329956054688,2.0
2016-10-03,610.2039794921875,1.0
2016-10-04,612.510986328125,2.0
2016-10-05,613.02099609375,1.0
2016-10-06,617.1209716796875,2.0
2016-10-07,618.9940185546875,2.0
2016-10-10,641.072021484375,2.0
2016-10-11,636.1920166015625,1.0
2016-10-12,636.7859497070312,1.0
2016-10-13,640.3779907226562,2.0
2016-10-14,639.1929931640625,1.0
2016-10-17,637.9600219726562,1.0
2016-10-18,630.52001953125,1.0
2016-10-19,630.8569946289062,1.0
2016-10-20,632.8280029296875,2.0
2016-10-21,653.760986328125,2.0
2016-10-24,657.5880126953125,2.0
2016-10-25,678.3040161132812,2.0
2016-10-26,688.3130493164062,2.0
2016-10-27,689.6510009765625,2.0
2016-10-28,700.9719848632812,2.0
2016-10-31,729.7930297851562,2.0
2016-11-01,740.8289794921875,2.0
2016-11-02,688.7000122070312,0.0
2016-11-03,703.2349853515625,2.0
2016-11-04,703.1309814453125,1.0
2016-11-07,709.8480224609375,2.0
2016-11-08,723.2730102539062,2.0
2016-11-09,715.5340576171875,1.0
2016-11-10,716.4110107421875,1.0
2016-11-11,705.02099609375,0.0
2016-11-14,711.6190185546875,2.0
2016-11-15,744.197998046875,2.0
2016-11-16,740.9769287109375,1.0
2016-11-17,751.5849609375,2.0
2016-11-18,739.2479858398438,0.0
2016-11-21,751.3469848632812,2.0
2016-11-22,744.593994140625,1.0
2016-11-23,740.2890014648438,1.0
2016-11-24,741.6489868164062,2.0
2016-11-25,735.81298828125,1.0
2016-11-28,735.60400390625,1.0
2016-11-29,745.69091796875,2.0
2016-11-30,756.7739868164062,2.0
2016-12-01,777.9439697265625,2.0
2016-12-02,758.7000122070312,0.0
2016-12-05,764.2239379882812,2.0
2016-12-06,768.1320190429688,2.0
2016-12-07,770.8099365234375,2.0
2016-12-08,772.7940063476562,2.0
2016-12-09,780.0870361328125,2.0
2016-12-12,780.5560302734375,1.0
2016-12-13,781.4810180664062,1.0
2016-12-14,778.0879516601562,1.0
2016-12-15,784.9070434570312,2.0
2016-12-16,792.7139892578125,2.0
2016-12-19,800.8759765625,2.0
2016-12-20,834.2809448242188,2.0
2016-12-21,864.5399780273438,2.0
2016-12-22,921.9840698242188,2.0
2016-12-23,907.6100463867188,0.0
2016-12-26,933.197998046875,2.0
2016-12-27,975.9210205078125,2.0
2016-12-28,973.4970703125,1.0
2016-12-29,961.2379150390625,1.0
2016-12-30,1021.7499389648438,2.0
2017-01-02,1043.8399658203125,2.0
2017-01-03,1154.7301025390625,2.0
2017-01-04,1013.3799438476562,0.0
2017-01-05,902.200927734375,0.0
2017-01-06,902.8280029296875,1.0
2017-01-09,907.6790771484375,2.0
2017-01-10,777.7570190429688,0.0
2017-01-11,804.8339233398438,2.0
2017-01-12,823.9840087890625,2.0
2017-01-13,831.533935546875,2.0
2017-01-16,907.9380493164062,2.0
2017-01-17,886.6179809570312,0.0
2017-01-18,899.0730590820312,2.0
2017-01-19,895.0259399414062,1.0
2017-01-20,921.0120239257812,2.0
2017-01-23,892.6869506835938,0.0
2017-01-24,901.5419921875,2.0
2017-01-25,917.5859985351562,2.0
2017-01-26,919.7499389648438,2.0
2017-01-27,920.3820190429688,1.0
2017-01-30,970.4030151367188,2.0
2017-01-31,989.0230102539062,2.0
2017-02-01,1011.800048828125,2.0
2017-02-02,1029.9100341796875,2.0
2017-02-03,1038.1500244140625,2.0
2017-02-06,1061.3499755859375,2.0
2017-02-07,1063.0699462890625,2.0
2017-02-08,994.3829956054688,0.0
2017-02-09,988.674072265625,1.0
2017-02-10,990.6419677734375,2.0
2017-02-13,1004.550048828125,2.0
2017-02-14,1007.47998046875,2.0
2017-02-15,1027.43994140625,2.0
2017-02-16,1046.2099609375,2.0
2017-02-17,1079.97998046875,2.0
2017-02-20,1115.300048828125,2.0
2017-02-21,1117.43994140625,2.0
2017-02-22,1166.719970703125,2.0
2017-02-23,1173.6800537109375,2.0
2017-02-24,1179.969970703125,2.0
2017-02-27,1179.969970703125,1.0
2017-02-28,1222.5,2.0
2017-03-01,1251.010009765625,2.0
2017-03-02,1274.989990234375,2.0
2017-03-03,1272.8299560546875,1.0
2017-03-06,1223.5400390625,0.0
2017-03-07,1150.0,0.0
2017-03-08,1188.489990234375,2.0
2017-03-09,1116.7200927734375,0.0
2017-03-10,1231.9200439453125,2.0
2017-03-13,1240.0,2.0
2017-03-14,1249.6099853515625,2.0
2017-03-15,1187.8101806640625,0.0
2017-03-16,1100.22998046875,0.0
2017-03-17,1054.22998046875,0.0
2017-03-20,1120.5400390625,2.0
2017-03-21,1049.1400146484375,0.0
2017-03-22,1038.5899658203125,1.0
2017-03-23,937.52001953125,0.0
2017-03-24,1045.77001953125,2.0
2017-03-27,1047.1500244140625,1.0
2017-03-28,1039.969970703125,1.0
2017-03-29,1026.4300537109375,1.0
2017-03-30,1071.7900390625,2.0
2017-03-31,1143.8101806640625,2.0
2017-04-03,1133.25,1.0
2017-04-04,1124.780029296875,1.0
2017-04-05,1182.68017578125,2.0
2017-04-06,1176.9000244140625,1.0
2017-04-07,1187.1300048828125,2.0
2017-04-10,1205.010009765625,2.0
2017-04-11,1200.3699951171875,1.0
2017-04-12,1169.280029296875,0.0
2017-04-13,1167.5400390625,1.0
2017-04-14,1193.9100341796875,2.0
2017-04-17,1211.6700439453125,2.0
2017-04-18,1210.2900390625,1.0
2017-04-19,1229.080078125,2.0
2017-04-20,1222.050048828125,1.0
2017-04-21,1250.1500244140625,2.0
2017-04-24,1265.4898681640625,2.0
2017-04-25,1281.0799560546875,2.0
2017-04-26,1317.72998046875,2.0
2017-04-27,1316.4798583984375,1.0
2017-04-28,1421.5999755859375,2.0
2017-05-01,1452.820068359375,2.0
2017-05-02,1490.0899658203125,2.0
2017-05-03,1537.6700439453125,2.0
2017-05-04,1555.4498291015625,2.0
2017-05-05,1723.3499755859375,2.0
2017-05-08,1755.360107421875,2.0
2017-05-09,1787.1298828125,2.0
2017-05-10,1848.5699462890625,2.0
2017-05-11,1724.2398681640625,0.0
2017-05-12,1738.429931640625,2.0
2017-05-15,1734.4498291015625,1.0
2017-05-16,1839.08984375,2.0
2017-05-17,1888.6500244140625,2.0
2017-05-18,1987.7100830078125,2.0
2017-05-19,2173.39990234375,2.0
2017-05-22,2320.419677734375,2.0
2017-05-23,2443.639892578125,2.0
2017-05-24,2304.980224609375,0.0
2017-05-25,2202.419921875,0.0
2017-05-26,2255.6103515625,2.0
2017-05-29,2175.469970703125,0.0
2017-05-30,2286.409912109375,2.0
2017-05-31,2407.8798828125,2.0
2017-06-01,2488.55029296875,2.0
2017-06-02,2686.809814453125,2.0
2017-06-05,2863.199951171875,2.0
2017-06-06,2732.159912109375,0.0
2017-06-07,2805.62060546875,2.0
2017-06-08,2823.809814453125,2.0
2017-06-09,2659.629638671875,0.0
2017-06-12,2717.02001953125,2.0
2017-06-13,2506.369873046875,0.0
2017-06-14,2464.580322265625,0.0
2017-06-15,2518.559814453125,2.0
2017-06-16,2589.60009765625,2.0
2017-06-19,2721.789794921875,2.0
2017-06-20,2689.10009765625,1.0
2017-06-21,2705.40966796875,2.0
2017-06-22,2744.909912109375,2.0
2017-06-23,2478.44970703125,0.0
2017-06-26,2552.44970703125,2.0
2017-06-27,2574.7900390625,2.0
2017-06-28,2539.320068359375,0.0
2017-06-29,2480.83984375,0.0
2017-06-30,2564.059814453125,2.0
2017-07-03,2601.640380859375,2.0
2017-07-04,2601.990234375,1.0
2017-07-05,2608.559814453125,2.0
2017-07-06,2518.66015625,0.0
2017-07-07,2372.560302734375,0.0
2017-07-10,2337.7900390625,0.0
2017-07-11,2398.84033203125,2.0
2017-07-12,2357.89990234375,0.0
2017-07-13,2233.34033203125,0.0
2017-07-14,2228.40966796875,1.0
2017-07-17,2318.8798828125,2.0
2017-07-18,2273.429931640625,0.0
2017-07-19,2817.599853515625,2.0
2017-07-20,2667.760009765625,0.0
2017-07-21,2754.860595703125,2.0
2017-07-24,2576.480224609375,0.0
2017-07-25,2529.44970703125,0.0
2017-07-26,2671.780029296875,2.0
2017-07-27,2809.010009765625,2.0
2017-07-28,2875.340576171875,2.0
2017-07-31,2718.260009765625,0.0
2017-08-01,2710.669921875,1.0
2017-08-02,2804.7294921875,2.0
2017-08-03,2895.889892578125,2.0
2017-08-04,3378.93994140625,2.0
2017-08-07,3419.939697265625,2.0
2017-08-08,3342.46923828125,0.0
2017-08-09,3381.280029296875,2.0
2017-08-10,3650.61962890625,2.0
2017-08-11,4325.13037109375,2.0
2017-08-14,4181.9306640625,0.0
2017-08-15,4376.6298828125,2.0
2017-08-16,4331.68994140625,1.0
2017-08-17,4160.61962890625,0.0
2017-08-18,4001.73974609375,0.0
2017-08-21,4100.52001953125,2.0
2017-08-22,4151.5205078125,2.0
2017-08-23,4334.6806640625,2.0
2017-08-24,4371.60009765625,2.0
2017-08-25,4382.66064453125,2.0
2017-08-28,4579.02099609375,2.0
2017-08-29,4565.29931640625,1.0
2017-08-30,4703.39013671875,2.0
2017-08-31,4892.0087890625,2.0
2017-09-01,4236.3095703125,0.0
2017-09-04,4376.5302734375,2.0
2017-09-05,4597.1201171875,2.0
2017-09-06,4599.87939453125,1.0
2017-09-07,4228.75,0.0
2017-09-08,4161.26904296875,0.0
2017-09-11,4130.8095703125,1.0
2017-09-12,3882.590576171875,0.0
2017-09-13,3154.950439453125,0.0
2017-09-14,3637.519775390625,2.0
2017-09-15,4065.19921875,2.0
2017-09-18,3924.97021484375,0.0
2017-09-19,3905.949462890625,1.0
2017-09-20,3631.039794921875,0.0
2017-09-21,3630.699951171875,1.0
2017-09-22,3926.07080078125,2.0
2017-09-25,3892.349853515625,1.0
2017-09-26,4200.66943359375,2.0
2017-09-27,4174.72900390625,1.0
2017-09-28,4163.06884765625,1.0
2017-09-29,4409.32080078125,2.0
2017-10-02,4317.4794921875,0.0
2017-10-03,4229.35986328125,0.0
2017-10-04,4328.41015625,2.0
2017-10-05,4370.81103515625,2.0
2017-10-06,4772.01904296875,2.0
2017-10-09,4781.98876953125,2.0
2017-10-10,4826.48095703125,2.0
2017-10-11,5446.9111328125,2.0
2017-10-12,5647.20947265625,2.0
2017-10-13,5725.58935546875,2.0
2017-10-16,5605.509765625,0.0
2017-10-17,5590.68994140625,1.0
2017-10-18,5708.5185546875,2.0
2017-10-19,6011.45068359375,2.0
2017-10-20,5930.31884765625,1.0
2017-10-23,5526.638671875,0.0
2017-10-24,5750.79833984375,2.0
2017-10-25,5904.8291015625,2.0
2017-10-26,5780.9013671875,0.0
2017-10-27,6130.53125,2.0
2017-10-30,6468.4013671875,2.0
2017-10-31,6767.31005859375,2.0
2017-11-01,7078.498046875,2.0
2017-11-02,7207.7578125,2.0
2017-11-03,7022.7578125,0.0
2017-11-06,7144.3779296875,2.0
2017-11-07,7459.69140625,2.0
2017-11-08,7143.58154296875,0.0
2017-11-09,6618.13818359375,0.0
2017-11-10,6559.4892578125,1.0
2017-11-13,6635.748046875,2.0
2017-11-14,7315.541015625,2.0
2017-11-15,7871.69091796875,2.0
2017-11-16,7708.98876953125,0.0
2017-11-17,8200.6396484375,2.0
2017-11-20,8071.25927734375,0.0
2017-11-21,8253.548828125,2.0
2017-11-22,8038.7724609375,0.0
2017-11-23,8253.6923828125,2.0
2017-11-24,9818.3505859375,2.0
2017-11-27,10058.8037109375,2.0
2017-11-28,9888.6142578125,0.0
2017-11-29,10233.6025390625,2.0
2017-11-30,10975.5986328125,2.0
2017-12-01,11657.19921875,2.0
2017-12-04,11916.70703125,2.0
2017-12-05,14291.4921875,2.0
2017-12-06,17899.685546875,2.0
2017-12-07,16569.404296875,0.0
2017-12-08,16936.80859375,2.0
2017-12-11,17415.4140625,2.0
2017-12-12,16408.208984375,0.0
2017-12-13,16563.99609375,2.0
2017-12-14,17706.88671875,2.0
2017-12-15,19114.208984375,2.0
2017-12-18,17776.703125,0.0
2017-12-19,16624.60546875,0.0
2017-12-20,15802.90625,0.0
2017-12-21,13831.7939453125,0.0
2017-12-22,14026.6025390625,2.0
2017-12-25,16099.7919921875,2.0
2017-12-26,15838.4990234375,0.0
2017-12-27,14606.4931640625,0.0
2017-12-28,14656.201171875,2.0
2017-12-29,13657.208984375,0.0
2018-01-01,14982.103515625,2.0
