-0.8988533020019531,-0.34068429470062256,0.13017714023590088,-0.7979541420936584,-0.2426139712333679,0.434037983417511
-0.9067102670669556,0.18521738052368164,0.2681530714035034,-0.7817627787590027,-0.19174879789352414,0.4565280079841614
-0.903757095336914,0.2347108125686645,0.2074999213218689,-0.7739320397377014,-0.1991962194442749,0.4644554257392883
-0.8988596200942993,0.4780411720275879,-0.10024309158325197,-0.7540091872215271,-0.18785226345062256,0.4744927287101746
-0.8786969184875488,0.0892217755317688,-0.4092066884040833,-0.7517028450965881,-0.23891830444335935,0.4611451029777527
-0.9139294624328612,0.6055552959442139,-0.26214653253555303,-0.771027147769928,-0.1857832074165344,0.4927944540977478
-0.8812774419784546,-0.3336583375930786,-0.6753724813461304,-0.7816432118415833,-0.3018156290054321,0.4640940427780152
-0.9423459768295288,0.4938387870788574,-0.1264062523841858,-0.8110442757606506,-0.1922636032104492,0.5179649591445923
-0.9349924325942992,0.5561871528625488,-0.2083091139793396,-0.8330126404762268,-0.18969672918319705,0.5623111724853516
-0.9243638515472412,0.6133008003234863,-0.2804327607154846,-0.8516914248466492,-0.1786007285118103,0.5655491352081299
-0.8993018865585327,0.22515904903411865,-0.5892402529716492,-0.8459869027137756,-0.2347050309181213,0.5563030838966371
-0.9249206781387328,0.623476505279541,-0.2966439127922058,-0.912083089351654,-0.17063170671463013,0.6133232116699219
-0.920218586921692,0.6304697990417479,-0.30379706621170044,-0.9303478598594666,-0.17882531881332395,0.633540153503418
-0.9271398782730104,0.6376919746398926,-0.3136599659919739,-0.9628990292549132,-0.18214231729507446,0.6552618741989136
-0.9033557176589966,-0.5789232850074768,-0.38447076082229614,-0.9684862494468688,-0.2911962866783142,0.6212462782859802
-0.9518711566925048,0.3143116235733032,0.08654475212097168,-0.9989047646522522,-0.1855519413948059,0.681591808795929
-0.9410436153411864,-0.07624447345733643,-0.22362667322158813,-1.0098643302917478,-0.22757244110107425,0.6700037717819214
-0.942751169204712,-0.8091636896133423,-0.09691539406776427,-0.9997597336769104,-0.2952873110771179,0.5998582243919373
-0.997151255607605,0.00046813488006591797,0.4827574193477631,-1.005502462387085,-0.2095599174499512,0.6433895230293274
-1.0051380395889282,0.14359605312347412,0.3016741275787353,-1.0214962959289549,-0.20666825771331787,0.6641360521316528
-0.9638248682022096,-0.7615000605583191,-0.15419623255729675,-1.0061862468719482,-0.3169894814491272,0.6187982559204102
-0.9635072946548462,-0.8056523203849792,-0.10112336277961732,-1.0148141384124756,-0.3034072518348694,0.6102408170700073
-0.9858164787292479,-0.4188010692596436,0.20649585127830505,-1.0360190868377686,-0.2413638234138489,0.6380569338798523
-0.9992018938064576,0.13993394374847412,0.3035406470298767,-1.0401594638824463,-0.19240528345108032,0.6751812696456909
-1.0004324913024902,0.16816306114196775,0.26640963554382324,-1.0460894107818604,-0.19297271966934204,0.6857702732086182
-0.951696753501892,-0.6897415518760681,-0.2466698288917541,-1.0301957130432131,-0.3083464503288269,0.6495171189308167
-0.9508329629898072,-0.8129639625549316,-0.0957234799861908,-1.0308871269226074,-0.29505032300949097,0.6339134573936462
-0.993782877922058,0.0353626012802124,0.4322671294212341,-1.0430426597595217,-0.1928468942642212,0.6784600019454956
-0.9727317094802856,-0.3534846305847168,0.12285137176513672,-1.045642614364624,-0.2434263229370117,0.6722421050071716
-0.9524297714233398,-0.8261787891387941,-0.08260464668273926,-1.0116620063781738,-0.2922472953796387,0.640009343624115
-0.9404501914978028,-0.8544168472290039,-0.050854235887527466,-0.9429630637168884,-0.2838947176933289,0.6114459633827211
-0.9749761819839478,-0.02349013090133667,0.4995995461940765,-0.9547566771507264,-0.1826246976852417,0.6704610586166382
-0.9522511959075928,0.23948001861572266,0.17255359888076782,-0.9112277626991272,-0.18686795234680176,0.6821087002754211
-0.939095377922058,-0.17940932512283325,-0.09966951608657837,-0.9105241894721984,-0.23719054460525515,0.656368613243103
-0.9489612579345704,-0.18336975574493408,-0.10303395986557007,-0.955631673336029,-0.2118821144104004,0.6874939203262329
-0.9238507747650146,-0.6150652170181274,-0.3523494005203247,-0.9348066449165344,-0.2795926332473755,0.6596252918243408
-0.9372788667678832,-0.7219895124435425,-0.2180083692073822,-0.9450671076774596,-0.28367745876312256,0.644539475440979
-0.9599542617797852,-0.35455310344696045,0.12110570073127748,-0.9306400418281556,-0.2507361173629761,0.66021728515625
-0.9840964078903198,0.07217717170715332,0.3793624639511109,-0.9382644295692444,-0.18829822540283206,0.6722954511642456
-0.9676542282104492,-0.3288601636886597,0.08781188726425171,-0.9326904416084291,-0.2464897036552429,0.6515995264053345
-0.9698636531829834,-0.33032703399658203,0.08680438995361328,-0.9478072524070741,-0.23693937063217166,0.6620354652404785
-0.9639947414398192,-0.8320813775062561,-0.08122965693473816,-0.9712439179420472,-0.2866690158843994,0.6447016596794128
-0.9903512001037598,0.01793205738067627,0.44536831974983215,-0.9575093388557434,-0.1847746968269348,0.6777212619781494
-0.9619469642639159,0.3497118949890137,0.02900230884552002,-0.8837109208106995,-0.17747586965560913,0.6794998645782471
-0.9758048057556152,0.5488830804824829,-0.2230234742164612,-0.8492262959480286,-0.18696874380111692,0.7089243531227112
-0.9232966899871826,0.5562946796417236,-0.22228866815567014,-0.8132253289222717,-0.21156197786331174,0.7235156893730164
-0.9084963798522948,0.1656498908996582,-0.5330477356910706,-0.8354030251502991,-0.2497161030769348,0.7281129360198975
-0.8861186504364014,0.5944103002548218,-0.25775963068008423,-0.8672675490379333,-0.2373367547988892,0.7812814712524414
-0.8220210671424866,-0.29855698347091675,-0.7248805165290833,-0.8356981873512268,-0.35882896184921265,0.7403413653373718
-0.8614541888237,0.555208683013916,-0.2059827446937561,-0.8684448599815369,-0.2613462805747986,0.8279341459274292
-0.8869904279708862,0.5584735870361328,-0.21378618478775024,-0.8869690299034119,-0.2541075348854065,0.8192466497421265
-0.8579751253128052,0.12430334091186525,-0.4637996554374695,-0.8782790303230286,-0.3068482279777527,0.7971889972686768
-0.855926513671875,0.1233656406402588,-0.4648459553718567,-0.8929818272590637,-0.3011341094970703,0.8145051598548889
-0.8342124223709106,-0.4667100310325623,-0.5196770429611206,-0.89305180311203,-0.36364316940307617,0.8093343377113342
-0.8245232105255127,-0.6372242569923401,-0.2999934554100037,-0.8737185597419739,-0.37734025716781616,0.7779412269592285
-0.8053227066993713,-0.8449874520301819,-0.032355546951293945,-0.8400040268898009,-0.41178128123283386,0.7851465344429016
-0.8380773067474365,0.033683359622955315,0.4600090384483338,-0.8329096436500549,-0.3147241473197937,0.829386830329895
-0.8571050763130188,0.05795848369598389,0.4276745617389679,-0.841765820980072,-0.3121412992477417,0.8229526877403259
-0.8335171341896057,-0.3299146890640259,0.11953061819076538,-0.8312740921974182,-0.36711347103118896,0.8050416707992554
-0.8855855464935303,0.2478938102722168,0.18344318866729736,-0.8610751032829285,-0.290283203125,0.8154574036598206
-0.8390803933143616,-0.5816119909286499,-0.3665094375610352,-0.847992479801178,-0.4074128866195679,0.7992472648620605
-0.8491917252540588,-0.7726811170578003,-0.12769681215286255,-0.8611337542533875,-0.4093812704086304,0.7875573635101318
-0.8618957996368408,-0.38611942529678345,0.1855546236038208,-0.8498966097831726,-0.3595297336578369,0.7941398620605469
-0.8608555197715759,0.13642394542694092,0.328250527381897,-0.83823162317276,-0.3183412551879883,0.8402764201164246
-0.8335155248641968,-0.25252896547317505,0.018174350261688232,-0.8496142029762268,-0.3684425950050354,0.8514867424964905
-0.8279650211334229,-0.2688310742378235,0.03856843709945679,-0.8470483422279358,-0.357538104057312,0.8347084522247314
-0.8000503182411194,-0.7314631938934326,-0.1696508526802063,-0.8145135045051575,-0.44306641817092896,0.8182386755943298
-0.8031855821609497,-0.8471139073371887,-0.025066673755645752,-0.8095020651817322,-0.4468480348587036,0.81488037109375
-0.8193287253379822,-0.858639121055603,-0.017322182655334473,-0.8172067999839783,-0.42595520615577703,0.8061505556106567
-0.8740211725234985,0.005109846591949463,0.4869061708450317,-0.830577552318573,-0.31079721450805664,0.8433842062950134
-0.8446347117424011,-0.3822456598281861,0.17816591262817386,-0.8237448334693909,-0.36957019567489613,0.8383715748786926
-0.8711287975311279,0.5527828931808472,-0.20785492658615112,-0.7783816456794739,-0.2876328229904175,0.8693551421165466
-0.8655334711074829,0.5672281980514526,-0.21979492902755735,-0.7843421101570129,-0.3122721314430237,0.8810873627662659
-0.8606697916984558,0.16192317008972168,-0.5120840668678284,-0.8102907538414001,-0.3580894470214844,0.8792596459388733
-0.8834315538406372,0.14712989330291748,-0.4977080225944519,-0.8158131241798401,-0.3379756808280945,0.8448187708854675
-0.8840748071670532,-0.3903900980949402,-0.6209440231323242,-0.8373311161994934,-0.3913549184799193,0.8275452852249146
-0.8995215892791748,-0.002285957336425781,-0.3123249411582947,-0.8457936644554138,-0.3369443416595459,0.8502278923988342
-0.9118669033050536,-0.019039034843444824,-0.2993094325065613,-0.8810011744499207,-0.3089189529418945,0.8590534329414368
-0.8890503644943237,-0.5528769493103027,-0.4186654686927795,-0.8557185530662537,-0.3806756734848023,0.7988098859786987
-0.955074667930603,0.2730201482772827,0.12727588415145874,-0.9117308259010316,-0.2490941286087036,0.8498427271842957
-0.9617147445678712,0.4536252021789551,-0.10177004337310792,-0.8995890021324158,-0.2412844300270081,0.8496642708778381
-0.948988676071167,0.02256309986114502,-0.35715150833129883,-0.8927682042121887,-0.2880846858024597,0.7981799244880676
-0.9424587488174438,0.022180438041687008,-0.3585426211357117,-0.908499538898468,-0.2863776683807373,0.8238976001739502
-0.9252148866653442,-0.0545659065246582,-0.2618913054466248,-0.916732370853424,-0.2780642509460449,0.8234599232673645
-0.9297263622283936,-0.08547455072402954,-0.21638983488082889,-0.8948063254356384,-0.30925679206848145,0.8221511840820312
-0.9252719879150392,-0.16309404373168945,-0.11537134647369385,-0.8968932032585144,-0.3192732334136963,0.8167843222618103
-0.9637619256973268,0.168479323387146,0.2683800458908081,-0.9436984658241272,-0.2772675156593323,0.8301157951354979
-0.9350652694702148,-0.3995375633239746,0.19462013244628906,-0.9441497921943665,-0.359619140625,0.8012152314186096
-0.9325178861618042,-0.4005221426486969,0.19324958324432373,-0.961476743221283,-0.35343849658966064,0.8216606378555298
-0.9014843702316284,-0.8658944368362427,-0.0278107225894928,-0.9134549498558044,-0.39386123418807983,0.8317842483520508
-0.8820701837539673,-0.9009655714035034,0.01457761228084564,-0.8129350543022156,-0.4014361500740051,0.8195235133171082
-0.8912419080734253,-0.90487939119339,0.017046451568603516,-0.8152418732643127,-0.3824887275695801,0.7930980920791626
-0.8966748714447021,-0.9097192883491516,0.024893775582313538,-0.7928497195243835,-0.3920096158981323,0.7799485325813293
-0.946202039718628,-0.025394320487976074,0.5065711736679077,-0.8123279213905334,-0.27887922525405884,0.8066383004188538
-0.9246772527694702,-0.4132522642612457,0.19779351353645325,-0.8058536648750305,-0.3347405791282654,0.7929698824882507
-0.9588853120803832,0.00873720645904541,0.4637854099273682,-0.8048242926597595,-0.2731937766075134,0.7817748785018921
-0.945465087890625,0.05514127016067505,0.41079857945442205,-0.7816086411476135,-0.2930916547775269,0.7878544330596924
-0.9024723768234252,0.11220914125442503,0.3434329032897949,-0.7507093548774719,-0.30578726530075073,0.8190310597419739
-0.8497338891029358,-0.6936061382293701,-0.2351105809211731,-0.7248418927192688,-0.4218747913837433,0.7988477945327759
-0.8822742700576782,-0.324848473072052,0.09672841429710388,-0.7416945099830627,-0.3659291863441467,0.8142430186271667
-0.8814575672149658,-0.32501137256622314,0.09620726108551024,-0.7475585341453552,-0.36504971981048573,0.8223648667335509
-0.908715844154358,0.114923357963562,0.336503267288208,-0.7659698128700256,-0.29358696937561035,0.8276087641716003
-0.8794804811477661,-0.279538094997406,0.0395960807800293,-0.7385346293449402,-0.3619765639305115,0.8071514368057251
-0.8934693336486816,0.5392827987670898,-0.19187158346176147,-0.7267451882362366,-0.29352831840515137,0.8184696435928345
-0.8796387910842896,0.1429814100265503,-0.4917648434638977,-0.7202627062797546,-0.3386163711547852,0.7795783281326294
-0.8881828784942627,-0.4396878778934479,-0.5650184750556946,-0.7614449858665466,-0.3724965453147888,0.7576623558998108
-0.9034568071365356,-0.05096012353897095,-0.2556312084197998,-0.76129549741745,-0.32173800468444824,0.7723286151885986
-0.9263063669204712,0.3916375637054443,-0.018596768379211426,-0.7794386744499207,-0.2599575519561768,0.8074621558189392
-0.9022612571716307,-0.4957405030727386,-0.4949224591255188,-0.7577819228172302,-0.3757161498069763,0.7473235726356506
-0.9020551443099976,-0.6487935185432434,-0.2997870445251465,-0.7790332436561584,-0.3890354037284851,0.7532713413238525
-0.9374589920043944,0.19117116928100586,0.2365345358848572,-0.7985736727714539,-0.2725784182548523,0.7865241169929504
-0.8872908353805542,-0.7137218713760376,-0.21593141555786133,-0.7953538298606873,-0.3860718011856079,0.7454526424407959
-0.905531883239746,-0.3260053396224976,0.0924791693687439,-0.806803286075592,-0.3296992778778076,0.7684908509254456
-0.9278318881988524,0.473320484161377,-0.12309736013412476,-0.7852923274040222,-0.2380526661872864,0.7805633544921875
-0.8927158117294312,-0.458274632692337,-0.5415768623352051,-0.7797829508781433,-0.3646899461746216,0.7385218739509583
-0.9003299474716187,-0.8000698089599609,-0.11016470193862916,-0.8236976265907288,-0.377985954284668,0.7370662689208984
-0.9293802976608276,-0.4763286709785461,0.2807656526565552,-0.8585005402565002,-0.32802367210388184,0.7522706985473633
-0.9408398866653442,0.5751845836639404,-0.23729151487350464,-0.8216106295585632,-0.2674136161804199,0.7532364726066589
-0.921605110168457,0.18454623222351074,-0.5475059151649475,-0.8341372609138489,-0.3111410140991211,0.7528091073036194
-0.9643231630325316,0.5913758277893066,-0.2597433924674988,-0.8772549033164978,-0.2604968547821045,0.7585499882698059
-0.9642096757888794,0.5958260297775269,-0.2643631100654602,-0.8851152062416077,-0.2669834494590759,0.766175389289856
-0.9205892086029052,-0.2653390169143677,-0.7740306258201599,-0.8669189810752869,-0.3849577903747559,0.7397896051406859
-0.927336573600769,0.1210618019104004,-0.4612604975700378,-0.866948664188385,-0.3433141112327576,0.7851942181587219
-0.9592568874359132,0.5219800472259521,-0.17327231168746948,-0.8978483080863953,-0.2734823226928711,0.8021397590637207
-0.9365963935852052,0.13393259048461914,-0.4821397662162781,-0.8937199711799622,-0.32760727405548096,0.7911183834075928
-0.9734621047973632,0.5570065975189209,-0.22203189134597776,-0.9258552193641664,-0.2578587532043457,0.8020623326301575
-0.977176308631897,0.1287541389465332,-0.4820210337638855,-0.9169970154762268,-0.3069227337837219,0.7516716122627258
-1.0038198232650757,0.5229053497314453,-0.18010610342025754,-0.9264878630638124,-0.2636366486549377,0.7841219902038574
-0.9977566003799438,0.07033705711364746,-0.4110168218612671,-0.9234598278999328,-0.3025195002555847,0.7341155409812927
-0.981324315071106,-0.5666637420654297,-0.4081754684448242,-0.905235469341278,-0.3662991523742676,0.7166613340377808
-1.0026528835296629,-0.1793956160545349,-0.09986388683319093,-0.92012757062912,-0.3053587079048157,0.7377498149871826
-0.9939205646514891,-0.20273375511169436,-0.07124060392379761,-0.9230315089225768,-0.2974894046783447,0.7404338121414185
-1.0203452110290527,0.22210168838500974,0.19397616386413571,-0.9183093905448914,-0.25201016664505005,0.7438092231750488
-0.9895727634429932,-0.3872536420822144,0.17953529953956604,-0.940504252910614,-0.3514683246612549,0.7130340933799744
-0.9752919673919678,-0.4404782056808472,0.24917978048324585,-0.9204102158546448,-0.3662456870079041,0.7268992066383362
-0.9629918336868286,-0.8502122759819031,-0.04156172275543213,-0.9086986184120178,-0.3984954357147217,0.7204223871231079
-0.9829725027084352,-0.4630198776721954,0.26689359545707697,-0.9221592545509338,-0.3380917906761169,0.7412037253379822
-0.9688606262207032,-0.8662337660789491,-0.03001612424850464,-0.91384619474411,-0.3767000436782837,0.7388198375701904
-0.988052487373352,-0.4831887185573578,0.2858539819717407,-0.8967967629432678,-0.3324630260467529,0.7524775862693787
-0.9469994306564332,-0.8809234499931335,-0.009469181299209595,-0.8562633395195007,-0.3897199630737305,0.737589418888092
-0.9341740608215332,-0.8977839350700378,0.008581548929214478,-0.8230995535850525,-0.3768267035484314,0.7249184846878052
-0.9438700675964355,-0.9069594144821168,0.017676994204521183,-0.812781035900116,-0.371583104133606,0.7128262519836426
-0.9729735851287842,-0.5207053422927856,0.324316143989563,-0.8443794846534729,-0.3053710460662842,0.7456420063972473
-0.969441056251526,-0.910552442073822,0.019124403595924374,-0.8211869597434998,-0.3668690323829651,0.7061470150947571
-1.0078146457672121,-0.06250065565109253,0.5489846467971802,-0.8290221095085144,-0.2639563679695129,0.7360228896141052
-1.0072190761566162,0.3130377531051636,0.07767033576965332,-0.7943640351295471,-0.2510218024253845,0.7166309952735901
-0.9879592657089232,-0.10902106761932373,-0.18923580646514893,-0.794185221195221,-0.3054911494255066,0.7055967450141907
-0.9920929670333862,0.5304697751998901,-0.19671839475631714,-0.7904747128486633,-0.23742860555648804,0.7355118989944458
-0.9606713056564332,0.1440565586090088,-0.5037935376167297,-0.764648973941803,-0.3029692769050598,0.7123984694480896
-0.9455722570419312,-0.4639571905136109,-0.5382595658302307,-0.7692213654518127,-0.3578221797943115,0.6885212659835815
-0.9350910186767578,-0.07489025592803955,-0.2254241108894348,-0.7512525916099548,-0.3220934867858887,0.7322904467582703
-0.9330565929412842,-0.10945999622344972,-0.18356335163116452,-0.7605457901954651,-0.3108229637145996,0.7194706797599792
-0.9516737461090088,0.4602952003479004,-0.10426998138427734,-0.7607017159461975,-0.2482441663742065,0.7417130470275879
-0.973346471786499,0.531638503074646,-0.1969826817512512,-0.7728191018104553,-0.2319897413253784,0.7149614095687866
-0.953993797302246,0.14235591888427734,-0.5066735148429871,-0.7802926898002625,-0.27845317125320435,0.7102085947990417
-0.9390195608139038,-0.3444060683250427,-0.6887152791023254,-0.7647820115089417,-0.3473998308181763,0.6858646869659424
-0.932555079460144,-0.42164304852485657,-0.5896680951118469,-0.7581968903541565,-0.3562299609184265,0.6837142109870911
-0.9526574611663818,-0.0717846155166626,-0.2334156036376953,-0.7707650065422058,-0.3052939772605896,0.7116758823394775
-0.978633999824524,0.3458966016769409,0.032847821712493896,-0.799338161945343,-0.2262831330299377,0.7136282920837402
-0.9995390176773072,0.359619140625,0.01377791166305542,-0.8195850253105164,-0.2276288270950317,0.7193834185600281
-0.9810236692428588,-0.029141664505004883,-0.2957850694656372,-0.8236643671989441,-0.2772338390350342,0.7120628356933594
-0.989792823791504,-0.8693162798881531,-0.025980591773986816,-0.8906062245368958,-0.3672783970832825,0.6554135084152222
-0.9972776174545288,-0.8868902921676636,-0.011448383331298828,-0.8827363848686218,-0.3533324599266052,0.6666471362113953
-1.022102117538452,0.5418252944946289,-0.21563488245010376,-0.8364718556404114,-0.2135097980499268,0.6879714131355286
-1.004409670829773,0.1050167679786682,-0.4613862633705139,-0.8267969489097595,-0.27966398000717163,0.6693336963653564
-1.0306696891784668,0.5032793283462524,-0.16988438367843628,-0.8560145497322083,-0.2123083472251892,0.6987916827201843
-1.010090708732605,0.11483508348464964,-0.4794173836708069,-0.859000027179718,-0.2640376687049866,0.6936403512954712
-1.0368562936782837,0.5480074882507324,-0.2269589304924011,-0.8874253630638123,-0.20686912536621094,0.7094916701316833
-1.0120735168457031,0.13343846797943115,-0.4984198212623596,-0.8604413866996765,-0.2735940814018249,0.6771818399429321
-1.0090519189834597,0.09062212705612184,-0.4424178004264832,-0.8523145318031311,-0.2810809016227722,0.6697899103164673
-1.0058497190475464,0.05424588918685913,-0.3988183736801148,-0.8710296750068665,-0.2804333567619324,0.6984414458274841
-1.031246542930603,0.4962327480316162,-0.16130441427230835,-0.895711362361908,-0.218812108039856,0.73382169008255
-1.0056381225585938,0.10977238416671753,-0.468676507472992,-0.8721759915351868,-0.28275066614151,0.7073409557342529
-0.9921902418136596,0.11148673295974733,-0.4736341834068298,-0.8790013194084167,-0.2686322927474976,0.714762806892395
-0.9884883165359496,-0.014606952667236328,-0.3140612840652466,-0.8797093033790588,-0.2777708172798157,0.716435968875885
-0.984266757965088,-0.004252612590789795,-0.32605409622192383,-0.8730712532997131,-0.2773680686950684,0.7100475430488586
-0.9908870458602904,-0.6311713457107544,-0.3424373269081116,-0.9282357096672058,-0.3232164978981018,0.7250580787658691
-1.00755512714386,0.5573898553848267,-0.2315163016319275,-0.8763046860694885,-0.2408311367034912,0.7498150467872621
-0.984580397605896,0.1681363582611084,-0.5418443083763123,-0.8889723420143127,-0.2900991439819336,0.7582462430000305
-0.997365951538086,0.5909038782119751,-0.264826238155365,-0.9254772067070008,-0.2567623853683472,0.7604222297668457
-0.997204065322876,0.6106224060058594,-0.2824317812919617,-0.9343553185462952,-0.2754555344581604,0.7467951774597168
-0.9895074367523192,0.15694403648376465,-0.5116191506385803,-0.9423856139183044,-0.3280569911003113,0.7361940145492554
-0.9979605674743652,-0.3786052465438843,-0.6365088820457458,-0.9382786154747008,-0.3909880518913269,0.7098597884178162
-1.0399234294891355,0.4988237619400024,-0.14714354276657104,-0.9626362919807434,-0.28079360723495483,0.7624809145927429
-1.0203334093093872,0.1101197600364685,-0.4563255906105042,-0.9622294306755066,-0.3319514989852905,0.7513109445571899
-1.0372614860534668,0.09253162145614624,-0.4369601607322693,-0.9721418023109436,-0.3254222273826599,0.7433529496192932
-1.0619463920593262,0.6158277988433838,-0.29428166151046753,-0.9844716191291808,-0.2761088013648987,0.7578273415565491
-1.0349892377853394,0.21582746505737305,-0.5853971838951111,-0.9676899313926696,-0.3448479771614075,0.7464321255683899
-1.0396840572357178,0.1559131145477295,-0.5146122574806213,-0.9878048300743104,-0.3338069319725037,0.7575633525848389
-1.0721460580825806,0.5892376899719238,-0.2663450837135315,-1.0216004848480225,-0.2708749771118164,0.7867125272750854
-1.0487955808639526,0.2017395496368408,-0.5739304423332214,-1.0034167766571045,-0.3284173011779785,0.7598826885223389
-1.035958766937256,-0.3699048757553101,-0.6547748446464539,-1.0031857490539549,-0.3868967890739441,0.7565897107124329
-1.0582225322723389,0.4368791580200195,-0.06882554292678833,-0.9864777922630309,-0.29675430059432983,0.7880219221115112
-1.0515785217285156,-0.1838160753250122,-0.07775163650512695,-1.0278906822204592,-0.3775591254234314,0.7642340064048767
-1.0116769075393677,-0.7992266416549683,-0.09575003385543823,-1.0172014236450195,-0.4505516588687897,0.7518346905708313
-1.0593258142471311,0.01090240478515625,0.4787006080150604,-1.0354413986206057,-0.3478555679321289,0.7986562252044678
-1.0371661186218262,-0.3778822422027588,0.16923421621322632,-1.0399150848388672,-0.3973156809806824,0.7949724197387695
-1.0241932868957522,0.3270136117935181,0.08326053619384766,-0.9776985049247742,-0.3459259271621704,0.8259262442588806
-1.0368058681488037,0.5079828500747681,-0.1461215615272522,-0.9619635939598083,-0.3367927074432373,0.8120038509368896
-1.0137134790420532,0.07902050018310547,-0.3989219665527344,-0.9411212801933287,-0.4111154675483704,0.7967827916145325
-1.0106034278869631,0.5368723869323729,-0.17694419622421265,-0.9374958872795104,-0.3629288077354431,0.8532065749168396
-0.9572485685348512,-0.4090491533279419,-0.5755594968795776,-0.9181479811668396,-0.4919838607311249,0.8195927739143372
-0.9749795198440552,-0.02160835266113281,-0.26743143796920776,-0.933587372303009,-0.4339988827705383,0.8472444415092468
-0.9684054851531982,-0.07546770572662354,-0.20020169019699094,-0.9497804045677184,-0.4173305928707123,0.8260465860366821
-1.0086454153060913,-0.20100945234298706,-0.04535198211669922,-0.9800724387168884,-0.4150040149688721,0.7990978956222534
-1.0373373031616209,0.4455848932266235,-0.06655257940292357,-0.9701337218284608,-0.34190529584884644,0.8179919719696045
-1.064112424850464,0.5334484577178955,-0.18397384881973267,-0.9800538420677184,-0.3364105224609375,0.8384968638420105
-1.0587568283081057,0.5659939050674438,-0.22262591123580933,-0.9626283049583436,-0.3457973003387451,0.847032368183136
-1.0356004238128662,0.17832350730895996,-0.5313274264335632,-0.9555998444557191,-0.402557373046875,0.8349517583847046
-1.065357327461243,0.5959103107452393,-0.2623084187507629,-0.9717169404029846,-0.3468405604362488,0.8731972575187683
-1.0783511400222778,0.6245508193969727,-0.2935113310813904,-0.9797235131263732,-0.3575096130371094,0.8480044007301331
-1.0941346883773804,0.6277188062667847,-0.3004999756813049,-1.0054779052734375,-0.3528704047203064,0.8514222502708435
-1.0669409036636353,0.05038255453109741,-0.3660340905189514,-1.01340651512146,-0.42837822437286377,0.8419325947761536
-1.0820131301879885,0.4897787570953369,-0.12202388048171996,-1.0131478309631348,-0.3774527907371521,0.8759035468101501
-1.0615524053573608,0.10177749395370483,-0.4306969046592712,-1.0065321922302246,-0.4319898188114166,0.8600674271583557
-1.056910514831543,-0.8028137683868408,-0.09305903315544127,-1.043609619140625,-0.49996417760849,0.8539629578590393
-1.0711863040924072,0.213862419128418,0.2253943681716919,-1.0264368057250977,-0.3961694836616516,0.9100224375724792
-1.0445648431777954,-0.8071080446243286,-0.08587440848350525,-1.0286226272583008,-0.5118933320045471,0.8692144751548767
-1.05923593044281,-0.41992729902267456,0.2253648340702057,-1.023132085800171,-0.4645453691482544,0.8933156132698059
-1.0555150508880615,0.015727102756500244,0.4800023138523102,-1.0028531551361084,-0.43061816692352295,0.9250922799110411
-1.0324772596359253,-0.3731730580329895,0.1698562502861023,-1.0141685009002686,-0.4803647696971893,0.9322600960731506
-0.9812853336334229,-0.3950614035129547,0.20463216304779053,-0.9689727425575256,-0.4989434778690338,0.951795756816864
-0.9272189140319824,-0.8249807953834534,-0.049684733152389526,-0.8915535807609558,-0.5600684285163879,0.9264988303184508
-0.9221971035003662,-0.85342937707901,-0.02118071913719177,-0.8528136610984802,-0.5429192781448364,0.9261388182640076
-0.8898136615753174,-0.4657810628414154,0.29479900002479553,-0.8100233674049377,-0.5021483898162842,0.9479445815086364
-0.8664401769638062,-0.4722095727920532,0.30815234780311584,-0.7549306750297546,-0.5029852390289307,0.925515592098236
-0.8649775385856628,-0.4723161458969116,0.30815818905830383,-0.7561207413673401,-0.5014405250549316,0.9267838597297668
-0.9134420156478882,0.04045569896697998,0.4548940360546112,-0.813892662525177,-0.4360542297363281,0.9773697257041932
-0.8470022678375244,-0.3633970022201538,0.17239099740982056,-0.7764942049980164,-0.5104579925537109,0.9741793274879456
-0.8749051690101624,-0.3761504888534546,0.18483072519302368,-0.7981008887290955,-0.5051784515380859,0.978364646434784
-0.8764010667800903,0.334506630897522,0.08913540840148926,-0.7691988348960876,-0.4561952352523804,1.026897668838501
-0.8260607719421387,0.3681223392486572,0.05731767416000366,-0.7107041478157043,-0.4893360733985901,1.061176061630249
-0.8175274133682251,-0.019696950912475586,-0.2507799863815308,-0.6975515484809875,-0.5558291077613831,1.0532767772674558
-0.6710004806518555,-0.8586226105690002,0.023011982440948486,-0.5987549424171448,-0.652443528175354,1.0560950040817259
-0.7150944471359253,-0.4712183475494385,0.3278639614582062,-0.6192914843559265,-0.5746875405311584,1.0323739051818848
-0.6859188079833984,-0.4682908952236176,0.3296447396278381,-0.5845218300819397,-0.5814677476882935,1.0077203512191772
-0.5410348176956177,-0.9028596878051758,0.08625268936157228,-0.3533726930618286,-0.6326837539672852,0.9216797947883606
-0.6387879848480225,0.17375218868255615,0.3290057182312012,-0.3747267127037048,-0.5018811225891113,0.8957703709602356
-0.612981379032135,-0.21344953775405884,0.02165210247039795,-0.3498257398605347,-0.5667693614959717,0.8702583909034729
-0.5290941596031189,-0.6684679985046387,-0.1871815025806427,-0.24639451503753665,-0.6527050733566284,0.819146454334259
-0.5921543836593628,0.19924283027648929,0.3102545738220215,-0.2923194766044617,-0.5197187066078186,0.8298575282096863
-0.5762201547622681,0.20340347290039065,0.30926626920700073,-0.24615275859832764,-0.5209793448448181,0.780140221118927
-0.5663639307022095,0.5461481809616089,-0.11211413145065308,-0.22705888748168945,-0.5319953560829163,0.7873812317848206
-0.5767708420753479,0.16363203525543213,-0.4225239157676697,-0.20261788368225095,-0.6418635845184326,0.7995851635932922
-0.5793246030807495,0.16226649284362793,-0.424019455909729,-0.22165870666503906,-0.6353272199630737,0.8201385736465454
-0.5357353091239929,0.5706608295440674,-0.13082319498062134,-0.21287447214126587,-0.6110810041427612,0.9029801487922668
-0.6004860401153564,0.5853449106216431,-0.155545175075531,-0.30775803327560425,-0.6134892702102661,0.9257164597511292
-0.6500100493431091,0.17878174781799314,-0.4549972414970398,-0.3679066300392151,-0.6346712708473206,0.8937109112739563
-0.6733898520469666,0.575753927230835,-0.15717631578445435,-0.383975088596344,-0.5795353055000305,0.917341649532318
-0.6064265370368958,-0.28471195697784424,-0.6706732511520386,-0.3492424488067627,-0.677265465259552,0.8925796151161194
-0.6141108274459839,0.1042858362197876,-0.3614274263381958,-0.35282444953918457,-0.6306517124176025,0.9258953928947448
-0.6347430348396301,0.08824211359024048,-0.34449559450149536,-0.3665475249290466,-0.6156274080276489,0.9152516722679138
-0.6575048565864563,0.09305649995803833,-0.3493108153343201,-0.3624351620674133,-0.6204131841659546,0.8810850977897644
-0.6220347285270691,0.5379471778869629,-0.10315781831741333,-0.3307865858078003,-0.5818904638290405,0.9118430018424988
-0.6103388071060181,0.5893182754516602,-0.1644536852836609,-0.34226346015930176,-0.5966407060623169,0.9384241700172424
-0.5802217721939087,0.15668511390686035,-0.4124579429626465,-0.3195355534553528,-0.6698809862136841,0.924493968486786
-0.6625713706016539,0.6124012470245361,-0.1955789923667908,-0.4388836026191712,-0.6029243469238281,0.9768577218055724
-0.6658876538276672,0.11839032173156737,-0.3669241666793823,-0.42739588022232056,-0.6791338920593262,0.9184529185295104
-0.698307991027832,0.594241738319397,-0.17735189199447632,-0.4571225047111511,-0.5945802927017212,0.951827108860016
-0.6798384785652161,0.16364431381225586,-0.43008822202682495,-0.4704508185386658,-0.6746577620506287,0.9703572392463684
-0.6669478416442871,-0.7520781755447388,-0.06765249371528625,-0.5473271012306213,-0.7570928335189819,0.9416152834892272
-0.6915820837020874,-0.3651617765426636,0.24010396003723145,-0.5684494376182556,-0.6937544941902161,0.9661187529563904
-0.6815500259399414,-0.3881864249706268,0.26950231194496155,-0.5725334286689758,-0.6914453506469727,0.9669173359870912
-0.7001581192016602,-0.38967612385749817,0.2728209793567657,-0.5638059973716736,-0.7115432024002075,0.97627991437912
-0.6537901759147644,-0.802323579788208,-0.004488766193389893,-0.4924172759056091,-0.7669068574905396,0.958296239376068
-0.6976713538169861,0.3789589405059815,0.10174298286437987,-0.4627240300178528,-0.6476710438728333,1.0006643533706665
-0.7349225282669067,-0.029274821281433105,-0.1852828860282898,-0.472890317440033,-0.6991683840751648,0.9465586543083192
-0.7396402359008789,-0.030464708805084232,-0.1860894560813904,-0.4847287535667419,-0.6932488679885864,0.9561366438865662
-0.7969034314155579,-0.6163097620010376,-0.2358563840389252,-0.44359928369522095,-0.8500852584838867,0.9842970967292786
-0.7080416083335876,-0.2308608293533325,0.07746309041976929,-0.4506930708885193,-0.7346442937850952,0.9582123160362244
-0.7218298912048341,0.3657848834991455,0.12008649110794067,-0.4621574282646179,-0.6675039529800415,0.9964572787284852
-0.7271277904510498,0.5651154518127441,-0.13279694318771362,-0.4497173428535461,-0.6568945646286011,0.995694935321808
-0.7257261872291565,0.6191003322601318,-0.198969304561615,-0.4357064366340637,-0.6635475158691406,0.9984623789787292
-0.7010539174079895,0.2307349443435669,-0.507918655872345,-0.434526264667511,-0.7168201208114624,0.9936385750770568
-0.768296480178833,0.6274765729904175,-0.21612638235092166,-0.4980766177177429,-0.6427018046379089,0.9964902997016908
-0.7778379917144775,0.6294512748718262,-0.2176557183265686,-0.501207172870636,-0.651296854019165,0.9915791153907776
-0.8138542771339417,0.6576470136642456,-0.2507281899452209,-0.5815715193748474,-0.6524580121040344,0.9931332468986512
-0.7580847144126892,-0.20390254259109494,-0.7606255412101746,-0.5441736578941345,-0.7621903419494629,0.9515354037284852
-0.753983199596405,0.599088191986084,-0.1775032877922058,-0.5568528771400452,-0.6407006978988647,1.0069468021392822
-0.735580563545227,0.21002650260925293,-0.4872260689735413,-0.5634860396385193,-0.6909754872322083,1.0060997009277344
-0.7526590824127197,0.6025390625,-0.1860564351081848,-0.5825114846229553,-0.6281547546386719,1.0377645492553709
-0.7593632936477661,0.6117329597473145,-0.19493168592453006,-0.5803820490837097,-0.636968731880188,1.0187515020370483
-0.7772621512413025,0.653762698173523,-0.24987655878067014,-0.5874682068824768,-0.6330720782279968,1.0127631425857544
-0.784266471862793,0.6664326190948486,-0.26198726892471313,-0.6169584393501282,-0.6568055152893066,1.0531208515167236
-0.7809799909591675,0.20400238037109372,-0.4812127947807312,-0.6226568818092346,-0.7035841345787048,1.024302959442139
-0.7808166742324829,0.20363736152648929,-0.4811975359916687,-0.6246841549873352,-0.7005109190940857,1.024502873420715
-0.7889497876167297,-0.7828174233436584,-0.04703256487846375,-0.6783265471458435,-0.7499549388885498,1.0097721815109253
-0.8147462606430054,0.060933530330657966,0.4916441738605499,-0.6703721880912781,-0.6545817852020264,1.0385273694992063
-0.7785922884941101,0.19577479362487796,0.3350404500961304,-0.5996114611625671,-0.6908735036849976,1.0211523771286009
-0.740337073802948,0.296389102935791,0.21410691738128665,-0.5709777474403381,-0.7027750611305237,1.045135498046875
-0.6974451541900635,-0.6378335952758789,-0.20658430457115173,-0.5774919390678406,-0.8121758699417114,1.0198593139648438
-0.7108796238899231,-0.2491840124130249,0.10155951976776124,-0.5885775685310364,-0.7599892616271973,1.0483121871948242
-0.7775503396987915,0.22920143604278564,0.2871086001396179,-0.6455608010292053,-0.6668597459793091,1.0374085903167725
-0.7470951676368713,-0.15911144018173218,-0.024717092514038086,-0.6541545987129211,-0.7138575315475464,1.044461369514465
-0.7367380857467651,-0.6396169662475586,-0.2169612348079681,-0.6542835831642151,-0.7730990052223206,1.0232980251312256
-0.733445405960083,-0.7831077575683594,-0.03891575336456299,-0.6419748663902283,-0.7610918879508972,1.0003730058670044
-0.7518939971923828,0.03109294176101685,0.5362218618392944,-0.6364017128944397,-0.6661006212234497,1.0458794832229614
-0.731016993522644,-0.3562241196632385,0.22841283679008484,-0.6191460490226746,-0.7249859571456909,1.02001953125
-0.721472442150116,-0.7926154136657715,-0.023438721895217896,-0.602592408657074,-0.7745960354804993,1.0036031007766724
-0.7745974063873291,-0.4097344875335693,0.2859550416469574,-0.6232547163963318,-0.704889714717865,0.9988726973533629
-0.8004311919212341,0.1317054033279419,0.40168437361717213,-0.6366768479347229,-0.6441033482551575,1.0169287919998171
-0.8053638935089111,0.4043154716491699,0.04831629991531372,-0.6184926629066467,-0.6094411611557007,1.0294305086135864
-0.7525910735130309,-0.048542022705078125,-0.17447048425674438,-0.598517119884491,-0.6790862083435059,1.0351157188415527
-0.7496798634529114,-0.04902040958404541,-0.17584985494613647,-0.6139162182807922,-0.6768804788589478,1.0573873519897459
-0.7973096370697021,0.6150364875793457,-0.2244890332221985,-0.6372929215431213,-0.5887318849563599,1.0858776569366455
-0.7796864509582521,-0.5299948453903198,-0.3741545081138611,-0.6529393792152405,-0.7181146144866943,1.0138256549835205
-0.8555493354797363,0.29740333557128906,0.16883111000061035,-0.708058774471283,-0.5701287984848022,1.0253521203994749
-0.8392612338066101,0.3596742153167725,0.08858287334442139,-0.7079368233680725,-0.5610608458518982,1.0365917682647705
-0.8372527956962585,-0.5083169937133789,-0.4207538962364197,-0.7381493449211121,-0.6366247534751892,0.9585111737251282
-0.8599391579627991,-0.12256479263305665,-0.11444002389907836,-0.7750515341758728,-0.567298948764801,0.9996538758277892
-0.8865076303482056,0.3222146034240723,0.12400507926940918,-0.768035352230072,-0.5221933126449585,1.0234355926513672
-0.8675676584243774,0.3379354476928711,0.10891038179397584,-0.7404796481132507,-0.5427936315536499,1.0386681556701658
-0.8625046014785767,0.3838436603546143,0.052432656288146966,-0.7301772236824036,-0.5462603569030762,1.0449615716934204
-0.7515733242034912,-0.8025590181350708,-0.03306719660758972,-0.6926130652427673,-0.7085402607917786,1.0279333591461182
-0.8080118298530579,0.09457075595855713,0.4292000532150269,-0.7072878479957581,-0.5907437205314636,1.0636640787124634
-0.7818481326103209,-0.29277825355529785,0.12143635749816895,-0.6914868950843811,-0.6504197716712952,1.046168088912964
-0.7714348435401917,-0.31560200452804565,0.15247443318367004,-0.6842877268791199,-0.6513227224349976,1.040156602859497
-0.825847327709198,0.14660227298736572,0.360453724861145,-0.7162654995918274,-0.5736564993858337,1.0386004447937012
-0.8128914833068848,-0.2937771677970886,0.11998873949050905,-0.7110883593559265,-0.645298957824707,1.0274720191955566
-0.8155722618103027,-0.35977375507354736,0.2053513526916504,-0.7109141945838928,-0.6578727960586548,1.0293930768966677
-0.8173774480819702,-0.4197931587696075,0.278210312128067,-0.719737708568573,-0.6572877168655396,1.0408366918563845
-0.8133232593536377,-0.4195817708969116,0.277612179517746,-0.7257488369941711,-0.6588238477706909,1.0541398525238037
-0.8273827433586121,0.4545834064483642,-0.03464168310165405,-0.6689442992210388,-0.5673497319221497,1.0874992609024048
-0.8067870736122131,0.03930938243865967,-0.3109809756278992,-0.6795476078987122,-0.6161277294158936,1.0712023973464966
-0.7689216732978821,-0.7477209568023682,-0.10596466064453124,-0.6920667290687561,-0.713291347026825,1.0479118824005127
-0.795078694820404,-0.4138688147068024,0.2727160453796387,-0.706608235836029,-0.6664437055587769,1.0635234117507937
-0.7849813103675842,-0.4273353517055512,0.28982630372047424,-0.6865242123603821,-0.6721230149269104,1.070862889289856
-0.7818977236747742,-0.4272754788398743,0.289673388004303,-0.6893677115440369,-0.6732388734817505,1.0799155235290527
-0.8042864203453064,0.005939006805419922,0.5388479232788086,-0.7060273289680481,-0.6047353744506836,1.0953601598739624
-0.7799816727638245,-0.4282599985599518,0.2902066707611084,-0.6926081776618958,-0.6717296242713928,1.0852026939392092
-0.8093926310539246,0.1591360569000244,0.342216432094574,-0.6762145161628723,-0.5946505665779114,1.0970596075057983
-0.8078272938728333,-0.3920223116874695,0.2391806244850159,-0.7087567448616028,-0.6626285910606384,1.084512710571289
-0.8130161762237549,-0.43067336082458496,0.2868389189243317,-0.7114306092262268,-0.6659889817237854,1.0941892862319946
-0.8123292326927185,-0.4310302734375,0.286700576543808,-0.7147950530052185,-0.6637973785400391,1.0979889631271362
-0.8707882761955261,0.5322194099426271,-0.14687901735305786,-0.681871235370636,-0.5576627254486084,1.1363930702209473
-0.8209763765335083,-0.06609368324279785,-0.1816202402114868,-0.6708065867424011,-0.6428713798522949,1.119925856590271
-0.8370190262794495,0.58225417137146,-0.2047683596611023,-0.6462072730064392,-0.5781261920928955,1.1614423990249634
-0.7975341677665709,-0.4407441020011902,-0.5052212476730347,-0.6432707905769348,-0.7117221355438232,1.118930101394653
-0.8170595765113831,-0.0513727068901062,-0.19791948795318606,-0.6574872136116028,-0.6550611257553101,1.133846640586853
-0.8145602941513062,-0.05161476135253906,-0.19804662466049194,-0.660511314868927,-0.6538513898849487,1.1396570205688477
-0.8232729434967041,-0.11640071868896484,-0.11822021007537843,-0.6829348206520081,-0.6530883312225342,1.1420729160308838
-0.8195515275001526,-0.116632342338562,-0.1161152720451355,-0.6771368384361267,-0.6567597389221191,1.1399282217025757
-0.8301416039466858,-0.22549426555633545,0.019814491271972656,-0.7129439711570741,-0.6523030996322632,1.129429817199707
-0.8129769563674927,-0.3526241779327393,0.18464067578315732,-0.7207511067390442,-0.6566070318222046,1.116220474243164
-0.8346017599105835,0.09837102890014647,0.4127762615680695,-0.7245429158210754,-0.6000165939331055,1.1376526355743408
-0.8126341104507446,-0.2895002365112305,0.10433611273765564,-0.7158978581428528,-0.6547214984893799,1.1202147006988523
-0.8358560800552368,0.14301669597625732,0.3536445498466492,-0.7239170670509338,-0.5948490500450134,1.1556034088134766
-0.8122684955596924,0.5930417776107788,-0.21722692251205444,-0.6865374445915222,-0.5718861222267151,1.1828498840332031
-0.7728400230407715,0.6148059368133545,-0.2345141768455505,-0.6900700926780701,-0.5922912359237671,1.1943365335464478
-0.7609872221946716,0.6214108467102051,-0.2413631081581116,-0.7036911845207214,-0.5977948307991028,1.2092200517654421
-0.7109713554382324,0.13486981391906738,-0.4223414063453674,-0.6897366642951965,-0.6552566885948181,1.190272331237793
-0.7047420144081116,0.13467013835906982,-0.4231487512588501,-0.6990068554878235,-0.6540000438690186,1.206981182098389
-0.7164939045906067,0.6703433990478516,-0.2889129519462585,-0.7833707928657532,-0.6191455125808716,1.2532616853713991
-0.6849843859672546,0.2349367141723633,-0.5411776900291443,-0.7811664938926697,-0.6688076257705688,1.246403694152832
-0.7167428731918335,0.6394412517547607,-0.254098117351532,-0.7975110411643982,-0.6211518049240112,1.2829265594482422
-0.6893477439880371,0.2518414258956909,-0.5616557002067566,-0.7732780575752258,-0.6794387698173523,1.267846703529358
-0.6730328202247621,0.6588609218597412,-0.27591806650161743,-0.7783556580543518,-0.624293327331543,1.3158053159713743
-0.6399028897285461,0.271378755569458,-0.5849960446357727,-0.7761592268943787,-0.6834750175476074,1.3214938640594482
-0.690829873085022,0.21177470684051514,-0.5147448182106018,-0.7935596108436584,-0.6804705262184143,1.3017168045043943
-0.6838716864585876,0.18018996715545652,-0.4764220118522644,-0.8101872801780701,-0.6917346715927124,1.3451632261276243
-0.693054735660553,0.637101411819458,-0.25526601076126104,-0.8408806920051575,-0.6327170133590698,1.385157823562622
-0.6626813411712646,0.6394999027252197,-0.2579328417778015,-0.8390807509422302,-0.634493887424469,1.4148299694061282
-0.6407814621925354,-0.3706774115562439,-0.5788654685020447,-0.8459623456001282,-0.7502583265304565,1.3524426221847534
-0.6454753875732422,0.01760077476501465,-0.27057212591171265,-0.8587827086448669,-0.6967597603797913,1.3901152610778809
-0.6770777702331543,0.4451024532318115,-0.012272953987121582,-0.8841481804847717,-0.6454418897628784,1.4219958782196045
-0.7134092450141907,-0.7524194717407227,-0.10175472497940063,-0.9044801592826844,-0.7488234639167786,1.2867237329483032
-0.7793248891830444,0.10630369186401367,0.4056185781955719,-0.9485668540000916,-0.6233163475990295,1.3265653848648071
-0.7503790855407715,0.19313299655914307,0.29511362314224243,-0.9431391358375548,-0.6182371377944946,1.354194164276123
-0.7413251996040344,-0.2072700262069702,0.003021895885467529,-0.9165394902229308,-0.673808753490448,1.3156198263168335
-0.7376555800437927,-0.20747917890548706,0.002296745777130127,-0.9244856238365172,-0.6722981333732605,1.3275846242904663
-0.7420167326927185,0.3688440322875977,0.07013261318206787,-0.9367610812187196,-0.6108289957046509,1.3964028358459473
-0.6878578662872314,-0.6502683758735657,-0.2353615462779999,-0.9237166047096252,-0.7467318177223206,1.3620001077651978
-0.7005670070648193,-0.7635957598686218,-0.09804439544677734,-0.9326811432838441,-0.7264741063117981,1.3393547534942627
-0.7433847784996033,0.07546168565750122,0.44329115748405457,-0.9228193163871764,-0.6277217864990234,1.3711750507354736
-0.7094087004661559,-0.7812286615371704,-0.07872229814529419,-0.8970282673835754,-0.7275965213775635,1.3425213098526
-0.7261262536048889,-0.39300209283828735,0.230083167552948,-0.9035959839820862,-0.6740771532058716,1.3626224994659424
-0.7837405204772949,0.08735126256942749,0.4168118834495544,-0.9420804381370544,-0.6062362194061279,1.3823901414871216
-0.746634840965271,-0.7999670505523682,-0.064064621925354,-0.8932600617408752,-0.7117037773132324,1.3315906524658203
-0.7663223147392273,0.046616911888122566,0.4644614458084106,-0.9147009253501892,-0.5980406999588013,1.3875133991241455
-0.7299172878265381,-0.8021886348724365,-0.06214269995689393,-0.892571747303009,-0.7044339776039124,1.3372035026550293
-0.7507097721099854,0.12264347076416016,0.3698811531066895,-0.8922058939933777,-0.6051707267761229,1.4051275253295898
-0.7212215662002563,-0.26540136337280273,0.060075461864471436,-0.8966434597969055,-0.6598018407821655,1.4112100601196291
-0.7379816770553589,0.2047053575515747,0.2644851803779602,-0.8975302577018738,-0.593102753162384,1.4214839935302734
-0.7347323298454285,0.35458803176879883,0.07517766952514647,-0.8888474106788635,-0.5911294221878052,1.4417598247528076
-0.7377051115036011,-0.7565524578094482,-0.11984065175056458,-0.8909445405006409,-0.7176060080528259,1.37235689163208
-0.7149757146835327,-0.8445909023284912,-0.017167001962661743,-0.8120567202568054,-0.7009429335594177,1.367175817489624
-0.735977053642273,0.06406164169311522,0.4367451965808869,-0.8056671023368835,-0.5843716859817505,1.382651686668396
-0.7239902019500732,-0.35220420360565186,0.16082516312599182,-0.8184704184532166,-0.6289547681808472,1.3604137897491455
-0.69126957654953,-0.8024742007255554,-0.06535497307777405,-0.793538510799408,-0.7040529847145081,1.3470010757446291
-0.7364081740379333,0.04575425386428833,0.4618537425994873,-0.8118985295295715,-0.5931246280670166,1.3773156404495241
-0.7185162901878357,0.12452495098114015,0.3641620874404907,-0.8014171719551086,-0.5910281538963318,1.3807793855667114
-0.7351776361465454,0.14957284927368164,0.3306107521057129,-0.8069410920143127,-0.5857889652252197,1.3724424839019775
-0.7400944828987122,0.32804226875305176,0.1018734574317932,-0.8226738572120667,-0.570651650428772,1.3984147310256958
-0.7440320253372192,0.39485526084899897,0.01778930425643921,-0.8242471814155579,-0.5720546245574951,1.3962975740432741
-0.732272744178772,0.4904263019561768,-0.1009124517440796,-0.8123438954353333,-0.5695019960403442,1.3932565450668335
-0.707510769367218,0.08429497480392456,-0.38357943296432495,-0.787740170955658,-0.6307845115661621,1.3605759143829346
-0.6984152793884277,0.0800398588180542,-0.3804527521133423,-0.7956683039665222,-0.6274509429931641,1.3794598579406738
-0.6945975422859192,-0.5877206325531006,-0.3359954953193665,-0.7571255564689636,-0.6901465654373169,1.324487805366516
-0.7442798614501953,0.2606698274612427,0.1917173266410828,-0.7644138932228088,-0.5867563486099243,1.3576799631118774
-0.7247004508972168,-0.7364255785942078,-0.1417991816997528,-0.7509118914604187,-0.7112445831298828,1.2659223079681396
-0.7412097454071045,0.4781126976013184,-0.07567298412322998,-0.7112932801246643,-0.5901849269866943,1.3163235187530518
-0.7370008230209351,0.05830854177474976,-0.3455955982208252,-0.7119713425636292,-0.6435210108757019,1.2925772666931152
-0.7834047079086304,0.44178891181945795,-0.03724217414855957,-0.7653868794441223,-0.5796124935150146,1.333972692489624
-0.7544972896575928,0.5572702884674072,-0.17886799573898315,-0.7288487553596497,-0.5886878967285156,1.3446862697601318
-0.7339790463447571,0.09739577770233154,-0.397314190864563,-0.7313739657402039,-0.6388625502586365,1.3155180215835571
-0.7164456248283386,-0.4745442569255829,-0.4724213480949402,-0.7551122307777405,-0.712627649307251,1.3188858032226562
-0.7314296960830688,-0.12945055961608887,-0.10879337787628174,-0.7605943083763123,-0.6548075675964355,1.3198950290679932
-0.7671416401863098,0.5244166851043701,-0.14636176824569702,-0.7844263911247253,-0.5636097192764282,1.3636988401412964
-0.7227823138237,-0.455612301826477,-0.5032816529273987,-0.7787061333656311,-0.6806708574295044,1.3021494150161743
-0.7839767932891846,0.3957564830780029,0.016478955745697018,-0.7891059517860413,-0.5649871826171875,1.3270361423492432
-0.7881571054458618,0.5870152711868286,-0.2249729037284851,-0.7862910628318787,-0.5583374500274658,1.3323935270309448
-0.7859642505645752,0.6000618934631348,-0.2399720549583435,-0.8205286860466003,-0.568474531173706,1.36344313621521
-0.8044909238815308,0.6263964176177979,-0.2695502638816833,-0.8700180649757385,-0.5765474438667297,1.370428204536438
-0.8011307716369629,0.10248249769210817,-0.4050697088241577,-0.8593222498893738,-0.6432808637619019,1.331120491027832
-0.7948389649391174,0.10518568754196167,-0.4071638584136963,-0.8596450686454773,-0.6528162956237793,1.3474411964416504
-0.7951072454452515,0.5287792682647705,-0.13999015092849731,-0.8411986231803894,-0.6027928590774536,1.363340973854065
-0.7674812078475952,-0.4599692523479462,-0.4885292649269104,-0.8504011034965515,-0.7252317667007446,1.3221038579940796
-0.7939404845237732,0.5523010492324829,-0.1718549132347107,-0.8560062050819397,-0.5934216380119324,1.3665146827697754
-0.7840192914009094,0.6221442222595215,-0.26028138399124146,-0.8505457043647766,-0.5895354151725769,1.3675625324249268
-0.7743517160415649,0.652785062789917,-0.2938414216041565,-0.8944966197013855,-0.6017926335334778,1.3956283330917358
-0.7842093706130981,0.6531112194061279,-0.2973175644874573,-0.9098213315010072,-0.5875589847564697,1.3828080892562866
-0.7800076603889465,0.2396566867828369,-0.5752919316291809,-0.918310821056366,-0.6447165012359619,1.369634985923767
-0.7849876284599304,0.6463706493377686,-0.2900671362876892,-0.9229214787483216,-0.5861662030220032,1.397904634475708
-0.7798253297805786,0.6621649265289307,-0.3052684664726257,-0.927258551120758,-0.6030278205871582,1.4131526947021484
-0.7353292107582092,-0.4400963187217712,-0.5065081715583801,-0.9073811173439026,-0.7341337800025941,1.351747751235962
-0.7903456687927246,0.37776947021484375,0.0553210973739624,-0.930664598941803,-0.6181830167770386,1.388644456863403
-0.7689685821533203,0.4065200090408325,0.02221840620040894,-0.9202653765678406,-0.6262863874435425,1.3981311321258545
-0.767145037651062,0.02001720666885376,-0.2910423278808594,-0.9360646605491638,-0.6815121173858643,1.3941073417663574
-0.8072109222412109,0.5080761909484863,-0.11461853981018065,-0.9703441262245178,-0.6098681688308716,1.4249372482299805
-0.8383618593215942,0.5441567897796631,-0.16452628374099731,-0.9922668337821959,-0.6003497242927551,1.430872678756714
-0.8577367067337036,0.6663781404495239,-0.3248092532157898,-1.0474789142608645,-0.6017342209815979,1.5095783472061155
-0.8335444331169128,0.26016759872436523,-0.6152681708335876,-1.0624003410339355,-0.6417956352233887,1.5023064613342283
-0.9005664587020874,-0.4149366617202759,-0.570774257183075,-1.153675556182861,-0.6581782102584839,1.390479564666748
-0.9296460151672364,-0.07902359962463379,-0.19886088371276853,-1.203826665878296,-0.6091316938400269,1.4346657991409302
-0.974441647529602,0.4160383939743042,-0.027869582176208496,-1.200505018234253,-0.5456213355064392,1.4389901161193848
-0.9687538146972656,0.5302749872207642,-0.17066115140914914,-1.1738615036010742,-0.5587071180343628,1.4661362171173096
-0.9644150733947754,0.5365872383117676,-0.18130463361740112,-1.1896905899047852,-0.5548901557922363,1.4912102222442627
-0.9944183826446532,0.5994685888290405,-0.2704306244850159,-1.227637529373169,-0.5281100273132324,1.5081565380096436
-0.995560884475708,0.6624760627746582,-0.3502736687660217,-1.2308666706085205,-0.5349555611610413,1.536070704460144
-0.9939006567001344,0.6635216474533081,-0.35209256410598755,-1.235785722732544,-0.5357328653335571,1.53608500957489
-0.9827988147735596,0.27521347999572754,-0.6605218052864075,-1.2283477783203125,-0.5946238040924072,1.5271015167236328
-0.9974300861358644,0.6680145263671875,-0.35783761739730835,-1.2562377452850342,-0.5439827442169191,1.5712355375289917
-0.9956047534942628,-0.4808312356472016,-0.505363404750824,-1.344794988632202,-0.6585201025009155,1.527539610862732
-1.0756211280822754,0.4265754222869873,-0.05923497676849365,-1.3517165184020996,-0.5351703763008118,1.5429285764694214
-1.0284652709960938,-0.7199769616127014,-0.19943931698799133,-1.3804938793182373,-0.6783336997032166,1.4870597124099731
-1.0240222215652466,-0.7935653924942017,-0.13041606545448306,-1.3011131286621094,-0.6283581256866455,1.5087065696716309
-1.0535831451416016,-0.4070398807525635,0.17910638451576233,-1.309523105621338,-0.5719684362411499,1.526713490486145
-1.0786192417144775,0.3169825077056885,0.0635407567024231,-1.342184066772461,-0.4999024271965027,1.5831327438354492
-1.0409356355667114,-0.6042746901512146,-0.3720168471336365,-1.3251957893371582,-0.624419093132019,1.5444514751434326
-1.082136869430542,0.20984601974487305,0.1909174919128418,-1.3839874267578125,-0.4957711398601532,1.6076942682266235
-1.080527663230896,0.2340192794799805,0.15892720222473145,-1.3978524208068848,-0.4927290380001068,1.6240859031677246
-1.0485204458236694,-0.6904410123825073,-0.27730709314346313,-1.4066100120544434,-0.5873847603797913,1.5851669311523438
-1.0515646934509275,-0.3018549680709839,0.033016860485076904,-1.4112675189971924,-0.5398949384689331,1.6232366561889648
-1.0497380495071411,-0.3009065389633179,0.033594727516174316,-1.406524896621704,-0.5490438938140869,1.629504680633545
-1.062591552734375,-0.3009452223777771,0.03435790538787842,-1.3948967456817627,-0.5442486405372621,1.5888940095901491
-1.0645462274551392,-0.3000140190124512,0.03497910499572754,-1.3900389671325684,-0.5513290166854858,1.5871479511260986
-1.0464920997619631,-0.29992806911468506,0.0359119176864624,-1.38287091255188,-0.5492755174636841,1.5897510051727295
-1.0604572296142578,-0.3033598661422729,0.033511757850646966,-1.4151840209960938,-0.5299664735794067,1.6091530323028564
-1.0425279140472412,-0.30100691318511963,0.03494739532470703,-1.3951807022094729,-0.5431854724884033,1.6081194877624512
-1.0471603870391846,-0.3006933927536011,0.03341752290725708,-1.4046533107757568,-0.5413380265235901,1.6098397970199585
-1.0328651666641235,-0.3010774850845337,0.031011581420898438,-1.4223344326019287,-0.5362764000892639,1.64289653301239
-1.0211571455001829,-0.3035016655921936,0.03095221519470215,-1.433452844619751,-0.5159854888916016,1.6436883211135864
-1.0202714204788208,-0.30508798360824585,0.03126329183578491,-1.438025712966919,-0.5162239074707031,1.668058156967163
-1.0186445713043213,-0.3055833578109741,0.03327453136444092,-1.4304661750793457,-0.5123918056488037,1.6525547504425049
-1.024661421775818,-0.30310600996017456,0.03214603662490845,-1.4258606433868408,-0.5248593091964722,1.643819808959961
-1.0311700105667114,-0.3038694858551025,0.031008005142211918,-1.4381120204925537,-0.5192418098449707,1.6487120389938354
-1.031509280204773,-0.303930401802063,0.03168565034866333,-1.431344747543335,-0.5198339819908142,1.6436107158660889
-1.0390675067901611,-0.3057821989059448,0.02938389778137207,-1.4578478336334229,-0.5097916126251221,1.6691867113113403
-1.065972924232483,-0.30779653787612915,0.025637686252593998,-1.4926252365112305,-0.4919772446155548,1.6685123443603516
